param_classifier__depth,param_classifier__l2_leaf_reg,param_classifier__learning_rate,param_classifier__n_estimators,param_classifier__random_strength,param_classifier__subsample,split0_test_score,split1_test_score,split2_test_score,split3_test_score,split4_test_score
3,1,0.01,50,1,0.4,0.5729442970822282,0.6380697050938338,0.5748987854251012,0.592020592020592,0.6166902404526167
3,1,0.01,50,1,0.6,0.584,0.6415620641562064,0.5741239892183289,0.5927835051546392,0.6166902404526167
3,1,0.01,50,1,0.8,0.5839017735334243,0.6387726638772664,0.5764546684709067,0.6005361930294906,0.615819209039548
3,1,0.01,50,5,0.4,0.5677083333333334,0.6323119777158774,0.5835616438356165,0.596078431372549,0.6173541963015647
3,1,0.01,50,5,0.6,0.5795918367346938,0.637883008356546,0.5843621399176955,0.6049046321525886,0.6184397163120567
3,1,0.01,50,5,0.8,0.5828877005347594,0.6340782122905028,0.5772357723577236,0.5974025974025974,0.6226685796269728
3,1,0.01,100,1,0.4,0.5921787709497207,0.653179190751445,0.5877437325905293,0.6134800550206327,0.6298984034833092
3,1,0.01,100,1,0.6,0.585635359116022,0.6430678466076696,0.585635359116022,0.6078697421981004,0.6289855072463768
3,1,0.01,100,1,0.8,0.5943661971830986,0.6450662739322534,0.5852981969486823,0.61731843575419,0.6359583952451708
3,1,0.01,100,5,0.4,0.5792349726775956,0.6393210749646393,0.5867768595041323,0.6115702479338843,0.6233766233766234
3,1,0.01,100,5,0.6,0.5857740585774058,0.6420454545454546,0.5883977900552486,0.6098901098901099,0.6206896551724138
3,1,0.01,100,5,0.8,0.5840220385674931,0.6373937677053825,0.5843621399176955,0.6075268817204301,0.6269956458635704
3,1,0.01,200,1,0.4,0.6045845272206304,0.6451612903225806,0.594059405940594,0.6100278551532033,0.6416791604197901
3,1,0.01,200,1,0.6,0.599713055954089,0.6447761194029851,0.5923836389280677,0.6186440677966102,0.6467065868263473
3,1,0.01,200,1,0.8,0.6019971469329529,0.6458333333333334,0.5952045133991537,0.61731843575419,0.6476761619190404
3,1,0.01,200,5,0.4,0.5946704067321178,0.641726618705036,0.5888888888888889,0.61731843575419,0.6297376093294461
3,1,0.01,200,5,0.6,0.59375,0.6454413892908828,0.5924895688456189,0.6190476190476191,0.6260869565217392
3,1,0.01,200,5,0.8,0.5954415954415955,0.6464646464646465,0.5902097902097903,0.6164574616457462,0.6379821958456974
3,1,0.01,300,1,0.4,0.6055312954876274,0.6537313432835821,0.5954415954415955,0.6203966005665722,0.648729446935725
3,1,0.01,300,1,0.6,0.6023054755043228,0.6507462686567164,0.5925925925925926,0.6195190947666195,0.649624060150376
3,1,0.01,300,1,0.8,0.6069364161849711,0.6517857142857143,0.5965909090909091,0.6214689265536724,0.6506024096385542
3,1,0.01,300,5,0.4,0.5925925925925926,0.6441176470588236,0.5907172995780591,0.6205923836389281,0.64
3,1,0.01,300,5,0.6,0.5982905982905983,0.6450662739322534,0.5915492957746479,0.6225352112676056,0.6352941176470588
3,1,0.01,300,5,0.8,0.6017191977077364,0.6450662739322534,0.5907172995780591,0.6190476190476191,0.6408345752608048
3,1,0.05,50,1,0.4,0.599713055954089,0.6459259259259259,0.5912305516265912,0.6168741355463347,0.6517189835575485
3,1,0.05,50,1,0.6,0.6051873198847262,0.6475903614457831,0.5925925925925926,0.6217765042979942,0.6536144578313253
3,1,0.05,50,1,0.8,0.6031746031746031,0.6457399103139013,0.6068376068376068,0.6134453781512605,0.6586466165413534
3,1,0.05,50,5,0.4,0.5988538681948424,0.6424418604651163,0.5926966292134831,0.6054794520547945,0.62882096069869
3,1,0.05,50,5,0.6,0.5985611510791367,0.6471449487554904,0.5921787709497207,0.6149584487534626,0.6251808972503617
3,1,0.05,50,5,0.8,0.5959885386819485,0.642754662840746,0.5955056179775281,0.6223479490806223,0.6371681415929203
3,1,0.05,100,1,0.4,0.6055312954876274,0.6565349544072948,0.5959885386819485,0.6171428571428571,0.654434250764526
3,1,0.05,100,1,0.6,0.6122448979591837,0.6606334841628959,0.5925925925925926,0.6205923836389281,0.6504559270516718
3,1,0.05,100,1,0.8,0.6032210834553441,0.6529411764705882,0.6008583690987125,0.6191155492154066,0.6574923547400612
3,1,0.05,100,5,0.4,0.6058823529411764,0.6457399103139013,0.5962910128388017,0.6214689265536724,0.6397608370702541
3,1,0.05,100,5,0.6,0.6084425036390102,0.6517857142857143,0.5909090909090909,0.6221590909090909,0.6437125748502994
3,1,0.05,100,5,0.8,0.6129032258064516,0.655688622754491,0.5909090909090909,0.6246418338108882,0.6525679758308157
3,1,0.05,200,1,0.4,0.6068759342301944,0.6586826347305389,0.6014388489208633,0.617816091954023,0.663594470046083
3,1,0.05,200,1,0.6,0.6083086053412463,0.6546546546546547,0.5945945945945946,0.6291486291486291,0.6584992343032159
3,1,0.05,200,1,0.8,0.6066066066066066,0.6537313432835821,0.6083213773314203,0.6240928882438317,0.6604651162790698
3,1,0.05,200,5,0.4,0.6038863976083707,0.6666666666666666,0.5977011494252874,0.6212765957446809,0.656441717791411
3,1,0.05,200,5,0.6,0.6062407132243685,0.6458333333333334,0.6040462427745664,0.6213872832369942,0.654434250764526
3,1,0.05,200,5,0.8,0.6103703703703703,0.656671664167916,0.599713055954089,0.6217765042979942,0.6564885496183206
3,1,0.05,300,1,0.4,0.6042296072507553,0.6546003016591252,0.6002886002886003,0.6202898550724638,0.655436447166922
3,1,0.05,300,1,0.6,0.6,0.6515151515151515,0.6069364161849711,0.6217008797653959,0.6615384615384615
3,1,0.05,300,1,0.8,0.601526717557252,0.6465256797583081,0.6135693215339233,0.6228070175438597,0.6583850931677019
3,1,0.05,300,5,0.4,0.5967016491754122,0.6626323751891074,0.5965909090909091,0.6195965417867435,0.6563944530046225
3,1,0.05,300,5,0.6,0.5982142857142857,0.6547085201793722,0.6060606060606061,0.6253602305475504,0.6503067484662577
3,1,0.05,300,5,0.8,0.5988023952095808,0.6576576576576577,0.6019971469329529,0.6202898550724638,0.6676923076923077
3,1,0.1,50,1,0.4,0.6108663729809104,0.656671664167916,0.5951359084406295,0.6218487394957983,0.6504559270516718
3,1,0.1,50,1,0.6,0.6008836524300442,0.6529411764705882,0.5905848787446505,0.6189111747851003,0.6555891238670695
3,1,0.1,50,1,0.8,0.6052631578947368,0.6526946107784432,0.5900709219858156,0.6219686162624821,0.6605783866057838
3,1,0.1,50,5,0.4,0.6008708272859217,0.640117994100295,0.5925925925925926,0.6271186440677966,0.6427503736920778
3,1,0.1,50,5,0.6,0.599713055954089,0.6530014641288433,0.5898876404494382,0.6244604316546762,0.6369047619047619
3,1,0.1,50,5,0.8,0.6032210834553441,0.646795827123696,0.5911047345767575,0.6244604316546762,0.6395173453996983
3,1,0.1,100,1,0.4,0.6080476900149031,0.6537313432835821,0.5988538681948424,0.6253602305475504,0.6541471048513302
3,1,0.1,100,1,0.6,0.6130952380952381,0.6528189910979229,0.6014388489208633,0.6260869565217392,0.6584615384615384
3,1,0.1,100,1,0.8,0.6,0.6467065868263473,0.6005747126436781,0.622478386167147,0.6481481481481481
3,1,0.1,100,5,0.4,0.6092124814264487,0.6576576576576577,0.6069364161849711,0.6262341325811002,0.6485671191553545
3,1,0.1,100,5,0.6,0.6106194690265486,0.6577380952380952,0.5968436154949784,0.6219686162624821,0.6513056835637481
3,1,0.1,100,5,0.8,0.6056129985228951,0.6547619047619048,0.599713055954089,0.630057803468208,0.6483180428134556
3,1,0.1,200,1,0.4,0.5972850678733032,0.6513761467889908,0.6052631578947368,0.6115942028985507,0.6604651162790698
3,1,0.1,200,1,0.6,0.6116207951070336,0.6534954407294833,0.6075581395348837,0.6147058823529412,0.6728682170542636
3,1,0.1,200,1,0.8,0.5963302752293578,0.650231124807396,0.5970588235294118,0.6147058823529412,0.6554878048780488
3,1,0.1,200,5,0.4,0.6151515151515151,0.6605783866057838,0.6080691642651297,0.621897810218978,0.6636085626911316
3,1,0.1,200,5,0.6,0.6003016591251885,0.6666666666666666,0.6017441860465116,0.60932944606414,0.6501547987616099
3,1,0.1,200,5,0.8,0.5978755690440061,0.649390243902439,0.6,0.6198830409356725,0.656441717791411
3,1,0.1,300,1,0.4,0.6042944785276073,0.6491499227202473,0.5941176470588235,0.6081871345029239,0.650231124807396
3,1,0.1,300,1,0.6,0.6061538461538462,0.6584234930448223,0.613603473227207,0.6101190476190477,0.6687306501547987
3,1,0.1,300,1,0.8,0.6028257456828885,0.6415094339622641,0.5988200589970502,0.6246246246246246,0.6541471048513302
3,1,0.1,300,5,0.4,0.6057838660578386,0.6513056835637481,0.6057971014492753,0.6147058823529412,0.6605504587155964
3,1,0.1,300,5,0.6,0.5962732919254659,0.6635658914728683,0.6056129985228951,0.6079295154185022,0.6490683229813664
3,1,0.1,300,5,0.8,0.603125,0.6469673405909798,0.5955555555555555,0.6112759643916914,0.6573643410852713
3,3,0.01,50,1,0.4,0.5718015665796344,0.6371428571428571,0.5756756756756757,0.5986928104575163,0.6175637393767706
3,3,0.01,50,1,0.6,0.5832223701731025,0.636237897648686,0.5756756756756757,0.6002691790040376,0.6143057503506312
3,3,0.01,50,1,0.8,0.5832223701731025,0.649645390070922,0.5764546684709067,0.6059782608695652,0.614950634696756
3,3,0.01,50,5,0.4,0.5827633378932968,0.6299862448418156,0.5811732605729877,0.6190476190476191,0.620199146514936
3,3,0.01,50,5,0.6,0.5714285714285714,0.6310013717421125,0.5756756756756757,0.6057298772169167,0.6195190947666195
3,3,0.01,50,5,0.8,0.5867768595041323,0.6374829001367989,0.5835616438356165,0.6107290233837689,0.6143057503506312
3,3,0.01,100,1,0.4,0.5897079276773296,0.638109305760709,0.5795918367346938,0.6102150537634409,0.631578947368421
3,3,0.01,100,1,0.6,0.5941422594142259,0.6472303206997084,0.5808219178082191,0.6187845303867403,0.6318840579710145
3,3,0.01,100,1,0.8,0.5919778699861687,0.6472303206997084,0.5800273597811217,0.6104078762306611,0.6323529411764706
3,3,0.01,100,5,0.4,0.5836791147994468,0.6339410939691444,0.5875862068965517,0.6147426981919333,0.6219686162624821
3,3,0.01,100,5,0.6,0.5828729281767956,0.6359832635983264,0.5859697386519945,0.6104972375690608,0.6244604316546762
3,3,0.01,100,5,0.8,0.5895627644569816,0.6429587482219061,0.5867768595041323,0.6121883656509696,0.6246418338108882
3,3,0.01,200,1,0.4,0.6022727272727273,0.6447761194029851,0.5918653576437588,0.6179775280898876,0.6427503736920778
3,3,0.01,200,1,0.6,0.6065808297567954,0.6439169139465876,0.5943661971830986,0.6219686162624821,0.646795827123696
3,3,0.01,200,1,0.8,0.6019971469329529,0.6427503736920778,0.596045197740113,0.6183844011142061,0.6476761619190404
3,3,0.01,200,5,0.4,0.5952045133991537,0.6392045454545454,0.5883977900552486,0.6207865168539326,0.631578947368421
3,3,0.01,200,5,0.6,0.5912305516265912,0.6446043165467625,0.5902097902097903,0.6155988857938719,0.627906976744186
3,3,0.01,200,5,0.8,0.5949008498583569,0.6443148688046647,0.5910364145658263,0.6201117318435754,0.6371681415929203
3,3,0.01,300,1,0.4,0.6071942446043166,0.6526946107784432,0.5942857142857143,0.6162464985994398,0.6467065868263473
3,3,0.01,300,1,0.6,0.6064139941690962,0.6537313432835821,0.5951359084406295,0.6248216833095578,0.6515837104072398
3,3,0.01,300,1,0.8,0.6064139941690962,0.6508172362555721,0.5934379457917262,0.6205923836389281,0.6506024096385542
3,3,0.01,300,5,0.4,0.5968436154949784,0.6416184971098265,0.5921787709497207,0.6244725738396625,0.6428571428571429
3,3,0.01,300,5,0.6,0.5951359084406295,0.6431718061674009,0.594059405940594,0.6162464985994398,0.6389301634472511
3,3,0.01,300,5,0.8,0.60431654676259,0.6411764705882353,0.5915492957746479,0.6235955056179775,0.6388059701492538
3,3,0.05,50,1,0.4,0.6066763425253991,0.6468842729970327,0.5943661971830986,0.6226685796269728,0.6476761619190404
3,3,0.05,50,1,0.6,0.5982658959537572,0.6438152011922503,0.5925925925925926,0.62,0.6476761619190404
3,3,0.05,50,1,0.8,0.6040462427745664,0.6452554744525547,0.5952045133991537,0.6186440677966102,0.6447761194029851
3,3,0.05,50,5,0.4,0.6,0.6370157819225251,0.5877437325905293,0.6199158485273493,0.6334310850439883
3,3,0.05,50,5,0.6,0.5912305516265912,0.6410256410256411,0.5902097902097903,0.6190476190476191,0.6370370370370371
3,3,0.05,50,5,0.8,0.5932203389830508,0.6415094339622641,0.5968882602545968,0.6221590909090909,0.6332842415316642
3,3,0.05,100,1,0.4,0.6102189781021898,0.6586466165413534,0.599713055954089,0.6217765042979942,0.6515837104072398
3,3,0.05,100,1,0.6,0.6058823529411764,0.6586826347305389,0.6005665722379604,0.6182873730043541,0.6514459665144596
3,3,0.05,100,1,0.8,0.6020558002936858,0.6557377049180327,0.5985815602836879,0.6219686162624821,0.6504559270516718
3,3,0.05,100,5,0.4,0.6115214180206795,0.6383601756954612,0.5957446808510638,0.6269503546099291,0.6455505279034691
3,3,0.05,100,5,0.6,0.6072992700729927,0.6447761194029851,0.5934379457917262,0.6210826210826211,0.6464339908952959
3,3,0.05,100,5,0.8,0.6122448979591837,0.6477611940298508,0.5962910128388017,0.6276747503566333,0.6476761619190404
3,3,0.05,200,1,0.4,0.6107784431137725,0.6537313432835821,0.6040462427745664,0.6197991391678622,0.652241112828439
3,3,0.05,200,1,0.6,0.6017964071856288,0.6477611940298508,0.6005747126436781,0.6244604316546762,0.6573208722741433
3,3,0.05,200,1,0.8,0.5984962406015037,0.6576576576576577,0.603448275862069,0.6235632183908046,0.653250773993808
3,3,0.05,200,5,0.4,0.6083086053412463,0.6576168929110106,0.5985611510791367,0.6294706723891274,0.6524390243902439
3,3,0.05,200,5,0.6,0.6074074074074074,0.6536144578313253,0.5991440798858774,0.6264367816091954,0.649390243902439
3,3,0.05,200,5,0.8,0.6074074074074074,0.6486486486486487,0.6031746031746031,0.6282420749279539,0.649390243902439
3,3,0.05,300,1,0.4,0.6045112781954888,0.6586102719033232,0.6060606060606061,0.6240928882438317,0.6584234930448223
3,3,0.05,300,1,0.6,0.603030303030303,0.6424242424242425,0.60431654676259,0.6202898550724638,0.6666666666666666
3,3,0.05,300,1,0.8,0.5942684766214178,0.6524390243902439,0.6080691642651297,0.6248175182481752,0.6615853658536586
3,3,0.05,300,5,0.4,0.6056971514242878,0.655688622754491,0.6028571428571429,0.62,0.652241112828439
3,3,0.05,300,5,0.6,0.6026986506746627,0.6527570789865872,0.6068376068376068,0.6182873730043541,0.6542635658914728
3,3,0.05,300,5,0.8,0.6026986506746627,0.6475037821482602,0.6054519368723099,0.6204906204906205,0.6512345679012346
3,3,0.1,50,1,0.4,0.6044444444444445,0.6607669616519174,0.5994318181818182,0.6223479490806223,0.6523736600306279
3,3,0.1,50,1,0.6,0.6090775988286969,0.6596385542168675,0.59375,0.6189111747851003,0.649390243902439
3,3,0.1,50,1,0.8,0.6067746686303387,0.6596701649175413,0.5982905982905983,0.6173541963015647,0.6605504587155964
3,3,0.1,50,5,0.4,0.5985611510791367,0.6455505279034691,0.5907172995780591,0.6208869814020028,0.6437125748502994
3,3,0.1,50,5,0.6,0.5994236311239193,0.6417910447761194,0.6011396011396012,,0.6443768996960486
3,3,0.1,50,5,0.8,0.604992657856094,0.6506746626686657,0.5959885386819485,0.6264367816091954,0.6457399103139013
3,3,0.1,100,1,0.4,0.6047904191616766,0.6567607726597325,0.603448275862069,0.622478386167147,0.6563944530046225
3,3,0.1,100,1,0.6,0.592814371257485,0.6507462686567164,0.5974395448079659,0.6273381294964029,0.650231124807396
3,3,0.1,100,1,0.8,0.5988023952095808,0.6547619047619048,0.6051873198847262,0.6244604316546762,0.6552262090483619
3,3,0.1,100,5,0.4,0.6047197640117994,0.6585735963581184,0.597997138769671,0.6213872832369942,0.6454545454545455
3,3,0.1,100,5,0.6,0.6080476900149031,0.6555891238670695,0.6020260492040521,0.6248175182481752,0.650381679389313
3,3,0.1,100,5,0.8,0.6,0.6525037936267072,0.5982658959537572,0.6333808844507846,0.6473282442748092
3,3,0.1,200,1,0.4,0.5960665658093798,0.655436447166922,0.6074498567335244,0.618978102189781,0.6503067484662577
3,3,0.1,200,1,0.6,0.6045801526717557,0.6493108728943339,0.6037735849056604,0.616519174041298,0.6605504587155964
3,3,0.1,200,1,0.8,0.6012269938650306,0.6574074074074074,0.6017441860465116,0.623718887262079,0.6604651162790698
3,3,0.1,200,5,0.4,0.6075187969924812,0.6534954407294833,0.6005747126436781,0.6160583941605839,0.6656441717791411
3,3,0.1,200,5,0.6,0.6033690658499234,0.6564885496183206,0.6098265895953757,0.6180758017492711,0.6625954198473283
3,3,0.1,200,5,0.8,0.6076335877862595,0.650231124807396,0.6002886002886003,0.6226138032305433,0.655436447166922
3,3,0.1,300,1,0.4,0.6003062787136294,0.653250773993808,0.6032210834553441,0.6185567010309279,0.656441717791411
3,3,0.1,300,1,0.6,0.6024844720496895,0.6542635658914728,0.6005917159763313,0.6167664670658682,0.6646153846153846
3,3,0.1,300,1,0.8,0.5956112852664577,0.653250773993808,0.6008836524300442,0.6240713224368499,0.6604651162790698
3,3,0.1,300,5,0.4,0.60790273556231,0.6625386996904025,0.6069364161849711,0.6169590643274854,0.6605222734254992
3,3,0.1,300,5,0.6,0.6077519379844961,0.653125,0.6095791001451378,0.6226138032305433,0.6594761171032357
3,3,0.1,300,5,0.8,0.5981308411214953,0.6530612244897959,0.5985401459854015,0.6151560178306092,0.6490683229813664
3,7,0.01,50,1,0.4,0.5699481865284974,0.6327372764786795,0.5756756756756757,0.6027027027027027,0.6211699164345403
3,7,0.01,50,1,0.6,0.5826558265582655,0.6372413793103449,0.5764546684709067,0.601078167115903,0.62
3,7,0.01,50,1,0.8,0.5809018567639257,0.6457765667574932,0.5748987854251012,0.601078167115903,0.6173541963015647
3,7,0.01,50,5,0.4,0.5718085106382979,0.6322930800542741,0.5764546684709067,0.6016042780748663,0.6219686162624821
3,7,0.01,50,5,0.6,0.5763157894736842,0.6289655172413793,0.5827633378932968,0.6065573770491803,0.6228571428571429
3,7,0.01,50,5,0.8,0.584573748308525,0.628099173553719,0.5795918367346938,0.6082191780821918,0.6179775280898876
3,7,0.01,100,1,0.4,0.5936199722607489,0.6454413892908828,0.5835616438356165,0.6062246278755075,0.6355685131195336
3,7,0.01,100,1,0.6,0.5892116182572614,0.6464646464646465,0.5844875346260388,0.6132208157524613,0.6308139534883721
3,7,0.01,100,1,0.8,0.5971830985915493,0.6481751824817519,0.5861111111111111,0.6097902097902098,0.6334310850439883
3,7,0.01,100,5,0.4,0.5827633378932968,0.6413502109704642,0.5819672131147541,0.6110363391655451,0.6262626262626263
3,7,0.01,100,5,0.6,0.5819672131147541,0.6422535211267606,0.5892116182572614,0.6088154269972452,0.6325036603221084
3,7,0.01,100,5,0.8,0.584958217270195,0.6375176304654443,0.5851648351648352,0.6113416320885201,0.6235632183908046
3,7,0.01,200,1,0.4,0.6028571428571429,0.6440177252584933,0.5935302390998594,0.6147426981919333,0.6477611940298508
3,7,0.01,200,1,0.6,0.5982905982905983,0.6488888888888888,0.5915492957746479,0.6239316239316239,0.6457399103139013
3,7,0.01,200,1,0.8,0.603448275862069,0.6407185628742516,0.5932203389830508,0.6160337552742616,0.6476761619190404
3,7,0.01,200,5,0.4,0.5912305516265912,0.6419400855920114,0.5880721220527045,0.6155988857938719,0.6362297496318114
3,7,0.01,200,5,0.6,0.594059405940594,0.6446043165467625,0.5924895688456189,0.6225352112676056,0.6362297496318114
3,7,0.01,200,5,0.8,0.596045197740113,0.6401137980085349,0.5924895688456189,0.6192468619246861,0.636094674556213
3,7,0.01,300,1,0.4,0.6142649199417758,0.6517857142857143,0.5917496443812233,0.6186440677966102,0.6476761619190404
3,7,0.01,300,1,0.6,0.6084425036390102,0.6547085201793722,0.5945945945945946,0.6223479490806223,0.649624060150376
3,7,0.01,300,1,0.8,0.6057971014492753,0.6547085201793722,0.5965909090909091,0.6225352112676056,0.6525679758308157
3,7,0.01,300,5,0.4,0.6,0.6424418604651163,0.5910364145658263,0.6225352112676056,0.638109305760709
3,7,0.01,300,5,0.6,0.5982905982905983,0.6422287390029325,0.5898876404494382,0.6197183098591549,0.6417910447761194
3,7,0.01,300,5,0.8,0.5968436154949784,0.6403508771929824,0.5923836389280677,0.6234132581100141,0.6416791604197901
3,7,0.05,50,1,0.4,0.5979680696661829,0.6442166910688141,0.596045197740113,0.6237482117310443,0.6383601756954612
3,7,0.05,50,1,0.6,0.5988538681948424,0.6458333333333334,0.5920679886685553,0.6260623229461756,0.6395173453996983
3,7,0.05,50,1,0.8,0.5988538681948424,0.6477611940298508,0.5945945945945946,0.6215827338129496,0.6515151515151515
3,7,0.05,50,5,0.4,0.5991316931982634,0.6492753623188405,0.5888888888888889,0.6267806267806267,0.6342182890855457
3,7,0.05,50,5,0.6,0.5977337110481586,0.6436781609195402,0.5859697386519945,0.6183844011142061,0.6331360946745562
3,7,0.05,50,5,0.8,0.5900709219858156,0.6466380543633763,0.5869262865090403,0.6216596343178622,0.6370370370370371
3,7,0.05,100,1,0.4,0.5997045790251108,0.655688622754491,0.5948275862068966,0.6189111747851003,0.6467065868263473
3,7,0.05,100,1,0.6,0.6070381231671554,0.6567164179104478,0.5991440798858774,0.6221590909090909,0.6525037936267072
3,7,0.05,100,1,0.8,0.6061493411420205,0.6518518518518519,0.6019971469329529,0.6169296987087518,0.6585365853658537
3,7,0.05,100,5,0.4,0.6076696165191741,0.6506746626686657,0.5949008498583569,0.6271676300578035,0.6445783132530121
3,7,0.05,100,5,0.6,0.6031746031746031,0.6477611940298508,0.5912305516265912,0.6287339971550497,0.6416791604197901
3,7,0.05,100,5,0.8,0.6140350877192983,0.6498516320474778,0.5925925925925926,0.6248216833095578,0.649390243902439
3,7,0.05,200,1,0.4,0.6050670640834576,0.6488095238095238,0.6028571428571429,0.6253602305475504,0.6513056835637481
3,7,0.05,200,1,0.6,0.6062407132243685,0.6547619047619048,0.6019971469329529,0.6253602305475504,0.6594090202177294
3,7,0.05,200,1,0.8,0.6014814814814815,0.646795827123696,0.5965417867435159,0.6242774566473989,0.6656394453004623
3,7,0.05,200,5,0.4,0.6075187969924812,0.6565349544072948,0.6020260492040521,0.6207906295754027,0.6524390243902439
3,7,0.05,200,5,0.6,0.6071428571428571,0.6475903614457831,0.593974175035868,0.6187050359712231,0.6543778801843319
3,7,0.05,200,5,0.8,0.6047197640117994,0.6534954407294833,0.5991440798858774,0.6260869565217392,0.650231124807396
3,7,0.05,300,1,0.4,0.6015037593984962,0.6485671191553545,0.6014388489208633,0.625,0.6594427244582043
3,7,0.05,300,1,0.6,0.6098654708520179,0.6475037821482602,0.603448275862069,0.6209912536443148,0.6604938271604939
3,7,0.05,300,1,0.8,0.6042296072507553,0.6536144578313253,0.6041055718475073,0.6257309941520468,0.662557781201849
3,7,0.05,300,5,0.4,0.6017964071856288,0.6557377049180327,0.6042553191489362,0.6204906204906205,0.6656346749226006
3,7,0.05,300,5,0.6,0.6077844311377245,0.6557377049180327,0.5982905982905983,0.6193921852387844,0.65527950310559
3,7,0.05,300,5,0.8,0.6066066066066066,0.6485671191553545,0.6017191977077364,0.6191860465116279,0.6604651162790698
3,7,0.1,50,1,0.4,0.6081871345029239,0.6577777777777778,0.6057142857142858,0.6226685796269728,0.6525679758308157
3,7,0.1,50,1,0.6,0.6046511627906976,0.6534954407294833,0.6028571428571429,0.6235632183908046,0.6656346749226006
3,7,0.1,50,1,0.8,0.6106194690265486,0.6538461538461539,0.6037195994277539,0.6260623229461756,0.6574923547400612
3,7,0.1,50,5,0.4,0.6106194690265486,0.653555219364599,0.5829846582984658,0.6297872340425532,0.6494688922610015
3,7,0.1,50,5,0.6,0.6023391812865497,0.6536144578313253,0.599713055954089,0.6260869565217392,0.6419019316493314
3,7,0.1,50,5,0.8,0.5959302325581395,0.6534954407294833,0.5914285714285714,0.62,0.6467065868263473
3,7,0.1,100,1,0.4,0.6050670640834576,0.6526315789473685,0.6057142857142858,0.6282420749279539,0.6521060842433697
3,7,0.1,100,1,0.6,0.6056971514242878,0.6466165413533834,0.5994236311239193,0.6260869565217392,0.6583850931677019
3,7,0.1,100,1,0.8,0.6006006006006006,0.6586466165413534,0.6042553191489362,0.6231884057971014,0.6552262090483619
3,7,0.1,100,5,0.4,0.6119402985074627,0.6564885496183206,0.5899280575539568,0.622478386167147,0.6564885496183206
3,7,0.1,100,5,0.6,0.6074074074074074,0.6534954407294833,0.6023054755043228,0.6294706723891274,0.654434250764526
3,7,0.1,100,5,0.8,0.5967503692762186,0.6545454545454545,0.5985611510791367,0.622093023255814,0.6595419847328244
3,7,0.1,200,1,0.4,0.6137404580152672,0.6546003016591252,0.6040462427745664,0.621897810218978,0.664624808575804
3,7,0.1,200,1,0.6,0.6069802731411229,0.6513761467889908,0.604992657856094,0.6286549707602339,0.6728395061728395
3,7,0.1,200,1,0.8,0.599388379204893,0.654320987654321,0.6034985422740525,0.616519174041298,0.6656394453004623
3,7,0.1,200,5,0.4,0.6063348416289592,0.6626506024096386,0.5962910128388017,0.6153846153846154,0.6584615384615384
3,7,0.1,200,5,0.6,0.6090909090909091,0.6443768996960486,0.6038291605301914,0.6202898550724638,0.6656441717791411
3,7,0.1,200,5,0.8,0.593939393939394,0.6575342465753424,0.5961820851688693,0.6277372262773723,0.6625194401244168
3,7,0.1,300,1,0.4,0.6092307692307692,0.6584992343032159,0.6085672082717873,0.6205882352941177,0.6697819314641744
3,7,0.1,300,1,0.6,0.6006191950464397,0.6512345679012346,0.606508875739645,0.6231454005934718,0.6708268330733229
3,7,0.1,300,1,0.8,0.6175548589341693,0.6531881804043546,0.5991189427312775,0.61698956780924,0.6645865834633385
3,7,0.1,300,5,0.4,0.6067073170731707,0.6594761171032357,0.5979680696661829,0.6133720930232558,0.6666666666666666
3,7,0.1,300,5,0.6,0.6055045871559633,0.6511627906976745,0.5997045790251108,0.6144756277695717,0.6666666666666666
3,7,0.1,300,5,0.8,0.5990783410138248,0.6511627906976745,0.5979381443298969,0.6215022091310751,0.6594427244582043
5,1,0.01,50,1,0.4,0.5915492957746479,0.6346433770014556,0.5867768595041323,0.6216596343178622,0.6269956458635704
5,1,0.01,50,1,0.6,0.5971830985915493,0.6442166910688141,0.5867768595041323,0.6171107994389902,0.6419019316493314
5,1,0.01,50,1,0.8,0.5991440798858774,0.6391752577319587,0.5861111111111111,0.6143250688705234,0.62882096069869
5,1,0.01,50,5,0.4,0.5991440798858774,0.6412429378531074,0.5843621399176955,0.6104972375690608,0.6182336182336182
5,1,0.01,50,5,0.6,0.5841446453407511,0.6410256410256411,0.585635359116022,0.6079779917469051,0.6191155492154066
5,1,0.01,50,5,0.8,0.5870786516853933,0.6420454545454546,0.5859697386519945,0.6119610570236439,0.6298984034833092
5,1,0.01,100,1,0.4,0.597997138769671,0.6448736998514116,0.5938375350140056,0.6166902404526167,0.6398809523809523
5,1,0.01,100,1,0.6,0.6051873198847262,0.6389301634472511,0.5932203389830508,0.614950634696756,0.641566265060241
5,1,0.01,100,1,0.8,0.6031746031746031,0.6397608370702541,0.5932203389830508,0.6169014084507042,0.6406015037593985
5,1,0.01,100,5,0.4,0.593974175035868,0.6424418604651163,0.5924895688456189,0.6155988857938719,0.622478386167147
5,1,0.01,100,5,0.6,0.5934379457917262,0.638728323699422,0.5902097902097903,0.6197183098591549,0.6269956458635704
5,1,0.01,100,5,0.8,0.5935302390998594,0.6472303206997084,0.5902097902097903,0.6181818181818182,0.6362297496318114
5,1,0.01,200,1,0.4,0.6043795620437956,0.6527570789865872,0.5902578796561605,0.6235632183908046,0.6546003016591252
5,1,0.01,200,1,0.6,0.6061493411420205,0.6507462686567164,0.5919540229885057,0.6255380200860832,0.649546827794562
5,1,0.01,200,1,0.8,0.6037735849056604,0.6507462686567164,0.5951359084406295,0.6230440967283073,0.6506024096385542
5,1,0.01,200,5,0.4,0.6057971014492753,0.6420118343195266,0.5872340425531914,0.6207865168539326,0.6378539493293591
5,1,0.01,200,5,0.6,0.6,0.6410635155096012,0.5965909090909091,0.623229461756374,0.6398809523809523
5,1,0.01,200,5,0.8,0.6023054755043228,0.6448736998514116,0.5974395448079659,0.6230440967283073,0.6437125748502994
5,1,0.01,300,1,0.4,0.6017699115044248,0.6537313432835821,0.593974175035868,0.6231884057971014,0.6523736600306279
5,1,0.01,300,1,0.6,0.6135693215339233,0.6576980568011959,0.5951359084406295,0.6217765042979942,0.6461538461538462
5,1,0.01,300,1,0.8,0.6076696165191741,0.6606334841628959,0.5971428571428572,0.6246418338108882,0.6461538461538462
5,1,0.01,300,5,0.4,0.6090775988286969,0.6497005988023952,0.5897435897435898,0.6269503546099291,0.641566265060241
5,1,0.01,300,5,0.6,0.6104651162790697,0.6516516516516516,0.5911047345767575,0.6312769010043041,0.6416791604197901
5,1,0.01,300,5,0.8,0.6081871345029239,0.6516516516516516,0.5928057553956835,0.6293103448275862,0.6485671191553545
5,1,0.05,50,1,0.4,0.6058823529411764,0.6525037936267072,0.5953757225433526,0.625,0.6433990895295902
5,1,0.05,50,1,0.6,0.6038291605301914,0.6626686656671664,0.5985611510791367,0.6219686162624821,0.6444780635400907
5,1,0.05,50,1,0.8,0.6047197640117994,0.6526315789473685,0.5968436154949784,0.6188466947960619,0.6461538461538462
5,1,0.05,50,5,0.4,0.6026200873362445,0.6449704142011834,0.5903954802259888,0.6294706723891274,0.6359583952451708
5,1,0.05,50,5,0.6,0.6147058823529412,0.649546827794562,0.5952045133991537,0.6257142857142857,0.6404833836858006
5,1,0.05,50,5,0.8,0.6088235294117647,0.6428571428571429,0.5929078014184397,0.6230440967283073,0.6344410876132931
5,1,0.05,100,1,0.4,0.5958083832335329,0.6636363636363637,0.6017441860465116,0.624633431085044,0.6542635658914728
5,1,0.05,100,1,0.6,0.6066066066066066,0.654434250764526,0.6043795620437956,0.6202898550724638,0.6491499227202473
5,1,0.05,100,1,0.8,0.6020864381520119,0.6556390977443609,0.6,0.6231884057971014,0.6500777604976672
5,1,0.05,100,5,0.4,0.6075187969924812,0.6525679758308157,0.5887445887445888,0.6376811594202898,0.6513056835637481
5,1,0.05,100,5,0.6,0.6045112781954888,0.6576576576576577,0.5942028985507246,0.6269956458635704,0.6481481481481481
5,1,0.05,100,5,0.8,0.6058823529411764,0.6545454545454545,0.5962373371924746,0.6240928882438317,0.639269406392694
5,1,0.05,200,1,0.4,0.6,0.6584234930448223,0.6094674556213018,0.6124260355029586,0.6552262090483619
5,1,0.05,200,1,0.6,0.6006191950464397,0.6615146831530139,0.6097201767304861,0.6130952380952381,0.6666666666666666
5,1,0.05,200,1,0.8,0.6163328197226502,0.65,0.6081871345029239,0.6124260355029586,0.6572327044025157
5,1,0.05,200,5,0.4,0.6067073170731707,0.6594761171032357,0.5988200589970502,0.6209912536443148,0.6521739130434783
5,1,0.05,200,5,0.6,0.5960665658093798,0.6565349544072948,0.6108663729809104,0.6231884057971014,0.6509433962264151
5,1,0.05,200,5,0.8,0.6024464831804281,0.6515151515151515,0.6055312954876274,0.6185567010309279,0.6604068857589984
5,1,0.05,300,1,0.4,0.592823712948518,0.6593059936908517,0.6053412462908012,0.6199701937406855,0.6625
5,1,0.05,300,1,0.6,0.6009389671361502,0.659375,0.6062407132243685,0.6210045662100456,0.659270998415214
5,1,0.05,300,1,0.8,0.6069182389937107,0.6602870813397129,0.6,0.6067073170731707,0.6592356687898089
5,1,0.05,300,5,0.4,0.6,0.6645962732919255,0.6053412462908012,0.6289120715350224,0.6467817896389325
5,1,0.05,300,5,0.6,0.6055900621118012,0.6572769953051644,0.6126656848306333,0.6149253731343284,0.6656151419558359
5,1,0.05,300,5,0.8,0.6070878274268104,0.65,0.6038863976083707,0.6206896551724138,0.6551724137931034
5,1,0.1,50,1,0.4,0.6036036036036037,0.6625954198473283,0.5948275862068966,0.6251808972503617,0.6438569206842923
5,1,0.1,50,1,0.6,0.6026986506746627,0.6586102719033232,0.5982658959537572,0.6204906204906205,0.6521739130434783
5,1,0.1,50,1,0.8,0.6060606060606061,0.6567164179104478,0.60932944606414,0.6239067055393586,0.653250773993808
5,1,0.1,50,5,0.4,0.6142433234421365,0.6534351145038167,0.5892597968069666,0.6169590643274854,0.6483180428134556
5,1,0.1,50,5,0.6,0.6050670640834576,0.6485671191553545,0.5875542691751086,0.617816091954023,0.642967542503864
5,1,0.1,50,5,0.8,0.6036036036036037,0.6527570789865872,0.5953079178885631,0.6231884057971014,0.6401225114854517
5,1,0.1,100,1,0.4,0.5972434915773354,0.6594761171032357,0.604992657856094,0.6187683284457478,0.658307210031348
5,1,0.1,100,1,0.6,0.6027820710973725,0.6625386996904025,0.6066763425253991,0.6126656848306333,0.6562009419152276
5,1,0.1,100,1,0.8,0.6061538461538462,0.6533127889060092,0.6169590643274854,0.6080476900149031,0.65527950310559
5,1,0.1,100,5,0.4,0.6012269938650306,0.6604938271604939,0.6,0.6138032305433186,0.648062015503876
5,1,0.1,100,5,0.6,0.6060606060606061,0.6595419847328244,0.5956204379562043,0.6084425036390102,0.6571879936808847
5,1,0.1,100,5,0.8,0.6015037593984962,0.6443768996960486,0.6011730205278593,0.6081871345029239,0.6542056074766355
5,1,0.1,200,1,0.4,0.6129541864139021,0.6465927099841522,0.6054216867469879,0.6090909090909091,0.6656050955414012
5,1,0.1,200,1,0.6,0.6053882725832013,0.6581059390048154,0.6021505376344086,0.6094946401225115,0.6603174603174603
5,1,0.1,200,1,0.8,0.6,0.6601307189542484,0.6128048780487805,0.6043613707165109,0.6497622820919176
5,1,0.1,200,5,0.4,0.6107594936708861,0.6489859594383776,0.5922619047619048,0.6024096385542169,0.6425196850393701
5,1,0.1,200,5,0.6,0.6044303797468354,0.6645468998410174,0.5969696969696969,0.6121212121212121,0.6550079491255962
5,1,0.1,200,5,0.8,0.6012658227848101,0.6592356687898089,0.5978755690440061,0.6051437216338881,0.65814696485623
5,1,0.1,300,1,0.4,0.610223642172524,0.6353322528363047,0.5996908809891809,0.6203703703703703,0.6601941747572816
5,1,0.1,300,1,0.6,0.6133768352365416,0.6525285481239804,0.6086956521739131,0.6018808777429467,0.6505636070853462
5,1,0.1,300,1,0.8,0.6046511627906976,0.6710963455149501,0.6101694915254238,0.5942492012779552,0.6482084690553745
5,1,0.1,300,5,0.4,0.605475040257649,0.6473429951690821,0.5913312693498453,0.6077519379844961,0.6547811993517018
5,1,0.1,300,5,0.6,0.6071428571428571,0.6710743801652893,0.6009389671361502,0.6037735849056604,0.6558441558441559
5,1,0.1,300,5,0.8,0.6013071895424836,0.6578512396694215,0.5981308411214953,0.593996840442338,0.6644736842105263
5,3,0.01,50,1,0.4,0.5846153846153846,0.6363636363636364,0.5803814713896458,0.6058981233243967,0.6269956458635704
5,3,0.01,50,1,0.6,0.592274678111588,0.6379821958456974,0.5832187070151307,0.6199158485273493,0.6378539493293591
5,3,0.01,50,1,0.8,0.6,0.6370370370370371,0.5864453665283541,0.6162310866574966,0.6297376093294461
5,3,0.01,50,5,0.4,0.5877437325905293,0.6437768240343348,0.5902097902097903,0.6063100137174211,0.6215827338129496
5,3,0.01,50,5,0.6,0.5952045133991537,0.6373937677053825,0.5883977900552486,0.6138888888888889,0.62882096069869
5,3,0.01,50,5,0.8,0.5883977900552486,0.6483357452966715,0.5824175824175825,0.6094182825484764,0.6228571428571429
5,3,0.01,100,1,0.4,0.6025824964131994,0.6410635155096012,0.5890603085553997,0.6190476190476191,0.6416791604197901
5,3,0.01,100,1,0.6,0.6049204052098408,0.6396396396396397,0.593006993006993,0.6214689265536724,0.641566265060241
5,3,0.01,100,1,0.8,0.6037735849056604,0.6355421686746988,0.5926966292134831,0.6160220994475138,0.6406015037593985
5,3,0.01,100,5,0.4,0.6005747126436781,0.6426512968299711,0.5910364145658263,0.6164574616457462,0.6251808972503617
5,3,0.01,100,5,0.6,0.5942857142857143,0.6454413892908828,0.5924895688456189,0.6216596343178622,0.6352941176470588
5,3,0.01,100,5,0.8,0.593974175035868,0.6402349486049926,0.5898876404494382,0.6197183098591549,0.6362297496318114
5,3,0.01,200,1,0.4,0.6032210834553441,0.6576980568011959,0.5934379457917262,0.6219686162624821,0.649546827794562
5,3,0.01,200,1,0.6,0.6064139941690962,0.6525679758308157,0.593974175035868,0.6162624821683309,0.649546827794562
5,3,0.01,200,1,0.8,0.6011730205278593,0.6536144578313253,0.5931232091690545,0.6177715091678421,0.6506024096385542
5,3,0.01,200,5,0.4,0.6014598540145986,0.6431718061674009,0.5929078014184397,0.6242937853107344,0.638109305760709
5,3,0.01,200,5,0.6,0.6057971014492753,0.6450662739322534,0.5895627644569816,0.625,0.6388059701492538
5,3,0.01,200,5,0.8,0.6046511627906976,0.642962962962963,0.5923836389280677,0.6251768033946252,0.6388059701492538
5,3,0.01,300,1,0.4,0.6061493411420205,0.661608497723824,0.5965417867435159,0.6180257510729614,0.6474164133738601
5,3,0.01,300,1,0.6,0.6056129985228951,0.6616766467065869,0.5931232091690545,0.6206896551724138,0.6513056835637481
5,3,0.01,300,1,0.8,0.6026587887740029,0.6596385542168675,0.5988538681948424,0.6217765042979942,0.6523736600306279
5,3,0.01,300,5,0.4,0.6124260355029586,0.6478454680534919,0.5959885386819485,0.6303724928366762,0.6382978723404256
5,3,0.01,300,5,0.6,0.6079295154185022,0.6477611940298508,0.5914285714285714,0.6235632183908046,0.6466165413533834
5,3,0.01,300,5,0.8,0.6079295154185022,0.6516516516516516,0.5942857142857143,0.6276747503566333,0.6453576864535768
5,3,0.05,50,1,0.4,0.6026200873362445,0.6515151515151515,0.5919540229885057,0.6284074605451937,0.6483180428134556
5,3,0.05,50,1,0.6,0.6064139941690962,0.6606334841628959,0.6008708272859217,0.6293103448275862,0.6475903614457831
5,3,0.05,50,1,0.8,0.6038291605301914,0.6525037936267072,0.5968436154949784,0.6244604316546762,0.6453576864535768
5,3,0.05,50,5,0.4,0.6017441860465116,0.6419019316493314,0.59375,0.6205923836389281,0.6284875183553598
5,3,0.05,50,5,0.6,0.6061493411420205,0.6526946107784432,0.5948275862068966,0.6287339971550497,0.6407185628742516
5,3,0.05,50,5,0.8,0.6041666666666666,0.6527570789865872,0.6008708272859217,0.6216596343178622,0.6396396396396397
5,3,0.05,100,1,0.4,0.5970149253731343,0.6605222734254992,0.5962373371924746,0.6226685796269728,0.6523076923076923
5,3,0.05,100,1,0.6,0.6066066066066066,0.6565809379727685,0.6072992700729927,0.6277372262773723,0.6542056074766355
5,3,0.05,100,1,0.8,0.6017964071856288,0.6625766871165644,0.6046511627906976,0.6202898550724638,0.6540880503144654
5,3,0.05,100,5,0.4,0.5982142857142857,0.6523736600306279,0.5962373371924746,0.631578947368421,0.6395173453996983
5,3,0.05,100,5,0.6,0.6008836524300442,0.6534954407294833,0.5950653120464441,0.6284074605451937,0.6443768996960486
5,3,0.05,100,5,0.8,0.6059701492537314,0.6646433990895296,0.6014598540145986,0.6210826210826211,0.6393939393939394
5,3,0.05,200,1,0.4,0.6065318818040435,0.6553323029366306,0.6097201767304861,0.6169590643274854,0.6572769953051644
5,3,0.05,200,1,0.6,0.6034214618973561,0.6542056074766355,0.6041055718475073,0.6130952380952381,0.6562009419152276
5,3,0.05,200,1,0.8,0.6006191950464397,0.6573643410852713,0.6052631578947368,0.608955223880597,0.6593059936908517
5,3,0.05,200,5,0.4,0.6,0.6513056835637481,0.6041055718475073,0.6097201767304861,0.6510903426791277
5,3,0.05,200,5,0.6,0.5990922844175491,0.6615853658536586,0.6085672082717873,0.6196769456681351,0.6489028213166145
5,3,0.05,200,5,0.8,0.5981873111782477,0.6615853658536586,0.6099706744868035,0.6217008797653959,0.6500777604976672
5,3,0.05,300,1,0.4,0.6065318818040435,0.660436137071651,0.6041666666666666,0.6151560178306092,0.6728971962616822
5,3,0.05,300,1,0.6,0.6081504702194357,0.6470588235294118,0.6059701492537314,0.6214177978883861,0.6656101426307448
5,3,0.05,300,1,0.8,0.6028257456828885,0.6581875993640699,0.6026587887740029,0.6081694402420574,0.651017214397496
5,3,0.05,300,5,0.4,0.6003062787136294,0.653250773993808,0.6085672082717873,0.6167400881057269,0.6604651162790698
5,3,0.05,300,5,0.6,0.6042944785276073,0.6666666666666666,0.6112759643916914,0.6153846153846154,0.6574074074074074
5,3,0.05,300,5,0.8,0.6134585289514867,0.6572769953051644,0.6083086053412463,0.6224188790560472,0.6604068857589984
5,3,0.1,50,1,0.4,0.6142208774583964,0.6666666666666666,0.6008708272859217,0.6160458452722063,0.6381679389312978
5,3,0.1,50,1,0.6,0.6038863976083707,0.6566265060240963,0.6055312954876274,0.6185567010309279,0.6521739130434783
5,3,0.1,50,1,0.8,0.6075187969924812,0.6566265060240963,0.6041055718475073,0.6211901306240929,0.653250773993808
5,3,0.1,50,5,0.4,0.6080476900149031,0.6513761467889908,0.5892597968069666,0.6244604316546762,0.6595092024539877
5,3,0.1,50,5,0.6,0.6107784431137725,0.6554878048780488,0.5919540229885057,0.6253687315634219,0.6322188449848024
5,3,0.1,50,5,0.8,0.6014598540145986,0.6564885496183206,0.590778097982709,0.6333808844507846,0.6338461538461538
5,3,0.1,100,1,0.4,0.6064318529862175,0.6625386996904025,0.6050670640834576,0.5997045790251108,0.6519685039370079
5,3,0.1,100,1,0.6,0.6003062787136294,0.6533742331288344,0.6029411764705882,0.6178623718887262,0.6500777604976672
5,3,0.1,100,1,0.8,0.6127527216174183,0.65527950310559,0.6083086053412463,0.6142433234421365,0.658267716535433
5,3,0.1,100,5,0.4,0.6036585365853658,0.6553846153846153,0.6120058565153733,0.6097201767304861,0.6510903426791277
5,3,0.1,100,5,0.6,0.6057838660578386,0.662557781201849,0.6017441860465116,0.6149341142020498,0.6436420722135008
5,3,0.1,100,5,0.8,0.5958083832335329,0.6605504587155964,0.6081871345029239,0.6286549707602339,0.658307210031348
5,3,0.1,200,1,0.4,0.609642301710731,0.6571879936808847,0.6024096385542169,0.6063348416289592,0.6624803767660911
5,3,0.1,200,1,0.6,0.6144200626959248,0.6520376175548589,0.5972434915773354,0.6128048780487805,0.6645569620253164
5,3,0.1,200,1,0.8,0.617363344051447,0.6655896607431341,0.5972434915773354,0.6076335877862595,0.6412698412698413
5,3,0.1,200,5,0.4,0.6037735849056604,0.65086887835703,0.6074074074074074,0.6158536585365854,0.65625
5,3,0.1,200,5,0.6,0.6118012422360248,0.6582278481012658,0.6003016591251885,0.608433734939759,0.6613924050632911
5,3,0.1,200,5,0.8,0.6003159557661928,0.6739811912225705,0.5972850678733032,0.6151515151515151,0.6561014263074485
5,3,0.1,300,1,0.4,0.5996810207336523,0.6430868167202572,0.609642301710731,0.6040061633281972,0.6624203821656051
5,3,0.1,300,1,0.6,0.6085578446909667,0.6549520766773163,0.5971563981042654,0.6018808777429467,0.6471544715447154
5,3,0.1,300,1,0.8,0.602291325695581,0.6710963455149501,0.6073131955484896,0.6044303797468354,0.6558441558441559
5,3,0.1,300,5,0.4,0.6044303797468354,0.6430868167202572,0.6045801526717557,0.615625,0.6486486486486487
5,3,0.1,300,5,0.6,0.6097946287519748,0.6515397082658023,0.5923664122137404,0.5972006220839814,0.6464
5,3,0.1,300,5,0.8,0.5971107544141252,0.6634304207119741,0.6,0.610062893081761,0.6548956661316212
5,7,0.01,50,1,0.4,0.5934379457917262,0.6411764705882353,0.5772357723577236,0.6096551724137931,0.6326530612244898
5,7,0.01,50,1,0.6,0.5884016973125884,0.6390870185449358,0.5843621399176955,0.6130374479889042,0.6371681415929203
5,7,0.01,50,1,0.8,0.5967976710334789,0.6417910447761194,0.5880721220527045,0.612859097127223,0.6339285714285714
5,7,0.01,50,5,0.4,0.5885634588563459,0.6361111111111111,0.5835616438356165,0.6121883656509696,0.6255380200860832
5,7,0.01,50,5,0.6,0.5872576177285319,0.6472303206997084,0.5924895688456189,0.6128133704735376,0.62
5,7,0.01,50,5,0.8,0.5844875346260388,0.6452554744525547,0.5859697386519945,0.6121883656509696,0.6262626262626263
5,7,0.01,100,1,0.4,0.5962373371924746,0.6406015037593985,0.5898876404494382,0.6188466947960619,0.6388059701492538
5,7,0.01,100,1,0.6,0.6051873198847262,0.6438152011922503,0.5918653576437588,0.6143057503506312,0.6406015037593985
5,7,0.01,100,1,0.8,0.6028985507246377,0.6385542168674698,0.594059405940594,0.614950634696756,0.6407185628742516
5,7,0.01,100,5,0.4,0.5870786516853933,0.6421499292786421,0.5883977900552486,0.6205923836389281,0.6298984034833092
5,7,0.01,100,5,0.6,0.593006993006993,0.6405797101449275,0.5902097902097903,0.6188466947960619,0.6280752532561505
5,7,0.01,100,5,0.8,0.593974175035868,0.6471449487554904,0.5916666666666667,0.6218487394957983,0.6306569343065693
5,7,0.01,200,1,0.4,0.6072992700729927,0.6536731634182908,0.5968436154949784,0.623229461756374,0.6486486486486487
5,7,0.01,200,1,0.6,0.6070381231671554,0.6467065868263473,0.5934379457917262,0.6215827338129496,0.6475903614457831
5,7,0.01,200,1,0.8,0.604992657856094,0.6515837104072398,0.5968436154949784,0.6193181818181818,0.6525679758308157
5,7,0.01,200,5,0.4,0.5994318181818182,0.6412884333821376,0.5898876404494382,0.6278409090909091,0.6362297496318114
5,7,0.01,200,5,0.6,0.6023054755043228,0.6439169139465876,0.5932203389830508,0.6248216833095578,0.638109305760709
5,7,0.01,200,5,0.8,0.6061493411420205,0.6468842729970327,0.5932203389830508,0.6225352112676056,0.6411764705882353
5,7,0.01,300,1,0.4,0.6097201767304861,0.6626506024096386,0.5985611510791367,0.6156028368794326,0.6505295007564297
5,7,0.01,300,1,0.6,0.6124260355029586,0.6556390977443609,0.5959885386819485,0.6215827338129496,0.6452599388379205
5,7,0.01,300,1,0.8,0.6023391812865497,0.6615853658536586,0.5982905982905983,0.622478386167147,0.6533742331288344
5,7,0.01,300,5,0.4,0.6075581395348837,0.648729446935725,0.5942857142857143,0.6282420749279539,0.6417910447761194
5,7,0.01,300,5,0.6,0.6037735849056604,0.6546546546546547,0.5920679886685553,0.6275071633237822,0.6427503736920778
5,7,0.01,300,5,0.8,0.6124260355029586,0.6547085201793722,0.5925925925925926,0.624113475177305,0.6408345752608048
5,7,0.05,50,1,0.4,0.6056129985228951,0.6616541353383458,0.597997138769671,0.6242937853107344,0.6475037821482602
5,7,0.05,50,1,0.6,0.6052631578947368,0.6537313432835821,0.5916305916305916,0.6231884057971014,0.6484018264840182
5,7,0.05,50,1,0.8,0.606508875739645,0.6525679758308157,0.5942028985507246,0.6244725738396625,0.650381679389313
5,7,0.05,50,5,0.4,0.6062407132243685,0.6458333333333334,0.5917496443812233,0.6338639652677279,0.6340740740740741
5,7,0.05,50,5,0.6,0.5959302325581395,0.655786350148368,0.6008583690987125,0.6330935251798561,0.6356821589205397
5,7,0.05,50,5,0.8,0.6017441860465116,0.6460176991150443,0.5965417867435159,0.6367583212735166,0.638680659670165
5,7,0.05,100,1,0.4,0.600297176820208,0.6606060606060606,0.6086956521739131,0.6173913043478261,0.6501547987616099
5,7,0.05,100,1,0.6,0.5975975975975976,0.6555386949924128,0.6034985422740525,0.6231884057971014,0.6573208722741433
5,7,0.05,100,1,0.8,0.6036036036036037,0.6556390977443609,0.6049204052098408,0.6271676300578035,0.6489859594383776
5,7,0.05,100,5,0.4,0.6012084592145015,0.6545454545454545,0.5962373371924746,0.6367583212735166,0.6385542168674698
5,7,0.05,100,5,0.6,0.612184249628529,0.6606606606606606,0.6034985422740525,0.6309696092619392,0.6484018264840182
5,7,0.05,100,5,0.8,0.5925925925925926,0.6525037936267072,0.6020260492040521,0.6269956458635704,0.6473282442748092
5,7,0.05,200,1,0.4,0.5978428351309707,0.6574500768049155,0.6026587887740029,0.6194690265486725,0.6572327044025157
5,7,0.05,200,1,0.6,0.6042944785276073,0.6594761171032357,0.6053412462908012,0.61698956780924,0.6604068857589984
5,7,0.05,200,1,0.8,0.6070878274268104,0.656298600311042,0.6108663729809104,0.6081871345029239,0.6604068857589984
5,7,0.05,200,5,0.4,0.5975609756097561,0.6576168929110106,0.611764705882353,0.6235294117647059,0.6469673405909798
5,7,0.05,200,5,0.6,0.6045112781954888,0.6595419847328244,0.6138032305433186,0.6122448979591837,0.65625
5,7,0.05,200,5,0.8,0.6009104704097117,0.6595744680851063,0.5997045790251108,0.60932944606414,0.653125
5,7,0.05,300,1,0.4,0.6046511627906976,0.6489859594383776,0.6044444444444445,0.6208955223880597,0.6572769953051644
5,7,0.05,300,1,0.6,0.608424336973479,0.659375,0.6105263157894737,0.6195488721804512,0.6635514018691588
5,7,0.05,300,1,0.8,0.6003110419906688,0.6520376175548589,0.6044444444444445,0.6227544910179641,0.6677215189873418
5,7,0.05,300,5,0.4,0.5978428351309707,0.654320987654321,0.6094674556213018,0.606508875739645,0.6563467492260062
5,7,0.05,300,5,0.6,0.601823708206687,0.6511627906976745,0.6052631578947368,0.6124260355029586,0.6645865834633385
5,7,0.05,300,5,0.8,0.6055045871559633,0.6583463338533542,0.6068759342301944,0.6097201767304861,0.6677115987460815
5,7,0.1,50,1,0.4,0.6135338345864662,0.6625954198473283,0.5971014492753624,0.6251808972503617,0.6523076923076923
5,7,0.1,50,1,0.6,0.6033182503770739,0.656441717791411,0.6020558002936858,0.6210826210826211,0.6572769953051644
5,7,0.1,50,1,0.8,0.6033182503770739,0.6546003016591252,0.5988372093023255,0.6209912536443148,0.6542056074766355
5,7,0.1,50,5,0.4,0.6086956521739131,0.6566265060240963,0.5916305916305916,0.6200873362445415,0.6384266263237519
5,7,0.1,50,5,0.6,0.6096096096096096,0.6553846153846153,0.5933429811866859,0.6284074605451937,0.637329286798179
5,7,0.1,50,5,0.8,0.6017699115044248,0.6565809379727685,0.597667638483965,0.6235632183908046,0.647239263803681
5,7,0.1,100,1,0.4,0.601526717557252,0.6584234930448223,0.6128550074738416,0.6194690265486725,0.6501547987616099
5,7,0.1,100,1,0.6,0.6128048780487805,0.6584234930448223,0.6092124814264487,0.6097201767304861,0.6625
5,7,0.1,100,1,0.8,0.6086956521739131,0.6635658914728683,0.5982404692082112,0.61698956780924,0.6625
5,7,0.1,100,5,0.4,0.600609756097561,0.6511627906976745,0.5944363103953147,0.6115942028985507,0.659375
5,7,0.1,100,5,0.6,0.6032689450222882,0.6563944530046225,0.6102189781021898,0.6162790697674418,0.6489859594383776
5,7,0.1,100,5,0.8,0.5967016491754122,0.6584992343032159,0.6056129985228951,0.6002928257686676,0.6625194401244168
5,7,0.1,200,1,0.4,0.5996860282574569,0.6518987341772152,0.6012084592145015,0.6231454005934718,0.655436447166922
5,7,0.1,200,1,0.6,0.6248037676609105,0.6497622820919176,0.60882800608828,0.6248085758039816,0.6603174603174603
5,7,0.1,200,1,0.8,0.610062893081761,0.6687797147385103,0.5972850678733032,0.6116207951070336,0.6730769230769231
5,7,0.1,200,5,0.4,0.6120556414219475,0.6656050955414012,0.5914634146341463,0.612184249628529,0.6552262090483619
5,7,0.1,200,5,0.6,0.6027820710973725,0.6677215189873418,0.6076696165191741,0.6149253731343284,0.6729559748427673
5,7,0.1,200,5,0.8,0.6115444617784711,0.6540284360189573,0.5931445603576752,0.6106870229007634,0.6570972886762361
5,7,0.1,300,1,0.4,0.6089743589743589,0.6397415185783522,0.6027397260273972,0.5990639625585024,0.6434231378763867
5,7,0.1,300,1,0.6,0.6168831168831169,0.6601307189542484,0.5960061443932412,0.6165884194053208,0.6634460547504025
5,7,0.1,300,1,0.8,0.6074313408723748,0.6612903225806451,0.6070878274268104,0.6003159557661928,0.6644844517184942
5,7,0.1,300,5,0.4,0.6117274167987322,0.6666666666666666,0.5922480620155038,0.6027820710973725,0.6602870813397129
5,7,0.1,300,5,0.6,0.6148867313915858,0.6645367412140575,0.6039453717754173,0.6141975308641975,0.6581059390048154
5,7,0.1,300,5,0.8,0.6064516129032258,0.6513911620294599,0.5920245398773006,0.608424336973479,0.6623376623376623
7,1,0.01,50,1,0.4,0.5985611510791367,0.6408345752608048,0.5907172995780591,0.6191155492154066,0.6408345752608048
7,1,0.01,50,1,0.6,0.5974025974025974,0.6289120715350224,0.5929078014184397,0.6190476190476191,0.6334310850439883
7,1,0.01,50,1,0.8,0.6026587887740029,0.6440177252584933,0.5909090909090909,0.6151685393258427,0.6435045317220544
7,1,0.01,50,5,0.4,0.5911047345767575,0.6405797101449275,0.5905292479108635,0.6132596685082873,0.6269956458635704
7,1,0.01,50,5,0.6,0.5967976710334789,0.6342857142857142,0.5885634588563459,0.6153846153846154,0.6233766233766234
7,1,0.01,50,5,0.8,0.5923836389280677,0.6395348837209303,0.594059405940594,0.6155988857938719,0.62882096069869
7,1,0.01,100,1,0.4,0.6046511627906976,0.638680659670165,0.5954415954415955,0.6246418338108882,0.6476761619190404
7,1,0.01,100,1,0.6,0.6008708272859217,0.6446776611694153,0.5942857142857143,0.6235632183908046,0.6427503736920778
7,1,0.01,100,1,0.8,0.6029411764705882,0.6466165413533834,0.5965417867435159,0.6193181818181818,0.649546827794562
7,1,0.01,100,5,0.4,0.5971014492753624,0.6442166910688141,0.5957446808510638,0.6251768033946252,0.6331360946745562
7,1,0.01,100,5,0.6,0.5985401459854015,0.6471449487554904,0.5890603085553997,0.6262341325811002,0.6351550960118169
7,1,0.01,100,5,0.8,0.6,0.6391752577319587,0.5991440798858774,0.624113475177305,0.631424375917768
7,1,0.01,200,1,0.4,0.6029850746268657,0.6564885496183206,0.5979680696661829,0.6248175182481752,0.6370597243491577
7,1,0.01,200,1,0.6,0.604992657856094,0.6533742331288344,0.5971014492753624,0.6289855072463768,0.6419753086419753
7,1,0.01,200,1,0.8,0.6008836524300442,0.6564885496183206,0.5997088791848617,0.622286541244573,0.64375
7,1,0.01,200,5,0.4,0.6067746686303387,0.6497764530551415,0.5914285714285714,0.6233766233766234,0.6384266263237519
7,1,0.01,200,5,0.6,0.6112759643916914,0.6417910447761194,0.5905848787446505,0.6284074605451937,0.6378539493293591
7,1,0.01,200,5,0.8,0.6056129985228951,0.6398809523809523,0.5977011494252874,0.6340057636887608,0.6342943854324734
7,1,0.01,300,1,0.4,0.5991058122205664,0.6615384615384615,0.6014598540145986,0.61698956780924,0.6489859594383776
7,1,0.01,300,1,0.6,0.6054216867469879,0.6471494607087828,0.6020558002936858,0.6253687315634219,0.6521060842433697
7,1,0.01,300,1,0.8,0.6006006006006006,0.6543778801843319,0.6038291605301914,0.624813153961136,0.6540880503144654
7,1,0.01,300,5,0.4,0.6140089418777943,0.6545454545454545,0.5962373371924746,0.6284074605451937,0.6440677966101694
7,1,0.01,300,5,0.6,0.6126126126126126,0.6514459665144596,0.5899280575539568,0.6262626262626263,0.6402439024390244
7,1,0.01,300,5,0.8,0.6137724550898204,0.6465256797583081,0.5971014492753624,0.6266471449487555,0.6431852986217458
7,1,0.05,50,1,0.4,0.6062407132243685,0.6584992343032159,0.6106194690265486,0.6191860465116279,0.6513056835637481
7,1,0.05,50,1,0.6,0.6048632218844985,0.6574923547400612,0.6079295154185022,0.6167400881057269,0.6530612244897959
7,1,0.05,50,1,0.8,0.5943536404160475,0.6514459665144596,0.6005917159763313,0.6167400881057269,0.6594090202177294
7,1,0.05,50,5,0.4,0.6142433234421365,0.6587183308494784,0.593974175035868,0.6303724928366762,0.636085626911315
7,1,0.05,50,5,0.6,0.6092124814264487,0.6465256797583081,0.5959302325581395,0.6363636363636364,0.6424242424242425
7,1,0.05,50,5,0.8,0.6101190476190477,0.6475903614457831,0.6002886002886003,0.6342182890855457,0.6482334869431644
7,1,0.05,100,1,0.4,0.6108527131782946,0.665625,0.6149253731343284,0.6133333333333333,0.6519685039370079
7,1,0.05,100,1,0.6,0.6,0.6499215070643642,0.6024096385542169,0.6214177978883861,0.6549520766773163
7,1,0.05,100,1,0.8,0.6058732612055642,0.6656298600311042,0.6114457831325302,0.6172465960665658,0.6519685039370079
7,1,0.05,100,5,0.4,0.6158536585365854,0.6594427244582043,0.5961820851688693,0.6187683284457478,0.6501547987616099
7,1,0.05,100,5,0.6,0.6042944785276073,0.6543778801843319,0.5946745562130178,0.6306569343065693,0.6625
7,1,0.05,100,5,0.8,0.6042944785276073,0.654320987654321,0.6041055718475073,0.6181277860326895,0.6500777604976672
7,1,0.05,200,1,0.4,0.6166394779771615,0.6527331189710611,0.600924499229584,0.6175115207373272,0.6709470304975923
7,1,0.05,200,1,0.6,0.5964343598055105,0.6568627450980392,0.6003062787136294,0.6153846153846154,0.6601307189542484
7,1,0.05,200,1,0.8,0.5947712418300654,0.6612641815235009,0.6006191950464397,0.6044303797468354,0.6623376623376623
7,1,0.05,200,5,0.4,0.6092307692307692,0.6416275430359938,0.6056971514242878,0.6208955223880597,0.6507177033492823
7,1,0.05,200,5,0.6,0.6105919003115264,0.6572327044025157,0.5972850678733032,0.6174698795180723,0.6656151419558359
7,1,0.05,200,5,0.8,0.6129541864139021,0.6550632911392406,0.6006006006006006,0.6075187969924812,0.6551181102362205
7,1,0.05,300,1,0.4,0.6133333333333333,0.6390728476821192,0.6037735849056604,0.6126984126984127,0.6688741721854304
7,1,0.05,300,1,0.6,0.5956738768718802,0.6555183946488294,0.6031746031746031,0.6051779935275081,0.6566666666666666
7,1,0.05,300,1,0.8,0.5915966386554622,0.6564102564102564,0.6019108280254777,0.5967213114754099,0.652317880794702
7,1,0.05,300,5,0.4,0.6061588330632091,0.6450567260940032,0.5915492957746479,0.6222910216718266,0.6612641815235009
7,1,0.05,300,5,0.6,0.6199021207177814,0.6523887973640856,0.5962732919254659,0.6105919003115264,0.656957928802589
7,1,0.05,300,5,0.8,0.6029654036243822,0.6526655896607432,0.5993788819875776,0.6125,0.6514657980456026
7,1,0.1,50,1,0.4,0.593607305936073,0.6460587326120556,0.5933734939759037,0.6126126126126126,0.660347551342812
7,1,0.1,50,1,0.6,0.6037735849056604,0.6398763523956723,0.6229508196721312,0.6306306306306306,0.6456692913385826
7,1,0.1,50,1,0.8,0.6065318818040435,0.648062015503876,0.6093514328808446,0.6123680241327301,0.6500777604976672
7,1,0.1,50,5,0.4,0.6029850746268657,0.655436447166922,0.5946745562130178,0.6349206349206349,0.6533742331288344
7,1,0.1,50,5,0.6,0.603030303030303,0.6481481481481481,0.6008836524300442,0.6253602305475504,0.6461538461538462
7,1,0.1,50,5,0.8,0.6139534883720931,0.6553323029366306,0.6097201767304861,0.6171761280931587,0.639751552795031
7,1,0.1,100,1,0.4,0.6123778501628665,0.6464968152866242,0.5993690851735016,0.5969230769230769,0.6645669291338583
7,1,0.1,100,1,0.6,0.5974025974025974,0.6525974025974026,0.621875,0.6069182389937107,0.6579804560260586
7,1,0.1,100,1,0.8,0.5953947368421053,0.6429725363489499,0.5956112852664577,0.6194144838212635,0.6526655896607432
7,1,0.1,100,5,0.4,0.5891472868217055,0.6594427244582043,0.6081694402420574,0.6307922272047832,0.658307210031348
7,1,0.1,100,5,0.6,0.60062893081761,0.6471494607087828,0.5937031484257871,0.624813153961136,0.6521060842433697
7,1,0.1,100,5,0.8,0.6139240506329114,0.6573208722741433,0.6109422492401215,0.6151560178306092,0.6624203821656051
7,1,0.1,200,1,0.4,0.5916955017301038,0.62751677852349,0.5911330049261084,0.589018302828619,0.6533333333333333
7,1,0.1,200,1,0.6,0.6044905008635578,0.649746192893401,0.6156405990016639,0.5956738768718802,0.6354515050167224
7,1,0.1,200,1,0.8,0.6038394415357766,0.6262975778546713,0.6032786885245902,0.6053511705685619,0.6296296296296297
7,1,0.1,200,5,0.4,0.5903814262023217,0.6556836902800659,0.6053882725832013,0.6,0.6535303776683087
7,1,0.1,200,5,0.6,0.6043405676126878,0.6430976430976431,0.6016,0.5903225806451613,0.6600331674958541
7,1,0.1,200,5,0.8,0.6146010186757216,0.6484641638225256,0.5967741935483871,0.5952,0.6577181208053692
7,1,0.1,300,1,0.4,0.5918003565062389,0.6068965517241379,0.5959595959595959,0.5794066317626527,0.6437177280550774
7,1,0.1,300,1,0.6,0.5935251798561151,0.6325088339222615,0.6104553119730185,0.5738831615120275,0.6135181975736569
7,1,0.1,300,1,0.8,0.599640933572711,0.6270270270270271,0.6061643835616438,0.5813148788927336,0.6204506065857885
7,1,0.1,300,5,0.4,0.5920826161790017,0.6422338568935427,0.5980066445182725,0.5953177257525084,0.6437177280550774
7,1,0.1,300,5,0.6,0.6056338028169014,0.637478108581436,0.5953177257525084,0.5801011804384486,0.6338983050847458
7,1,0.1,300,5,0.8,0.6129032258064516,0.6252220248667851,0.5923460898502496,0.6,0.6330434782608696
7,3,0.01,50,1,0.4,0.6014388489208633,0.6358208955223881,0.5907172995780591,0.6230440967283073,0.6389301634472511
7,3,0.01,50,1,0.6,0.5965417867435159,0.6378539493293591,0.5929078014184397,0.6210826210826211,0.6406015037593985
7,3,0.01,50,1,0.8,0.6049204052098408,0.6356821589205397,0.5920679886685553,0.6203966005665722,0.6466165413533834
7,3,0.01,50,5,0.4,0.5905848787446505,0.6388489208633094,0.5918653576437588,0.6216596343178622,0.6325036603221084
7,3,0.01,50,5,0.6,0.592274678111588,0.6405797101449275,0.5865921787709497,0.6113416320885201,0.627906976744186
7,3,0.01,50,5,0.8,0.5917496443812233,0.6455331412103746,0.5861111111111111,0.6104972375690608,0.6306569343065693
7,3,0.01,100,1,0.4,0.6026200873362445,0.6455505279034691,0.5962910128388017,0.6226685796269728,0.6465256797583081
7,3,0.01,100,1,0.6,0.5979680696661829,0.6438152011922503,0.5977011494252874,0.6255380200860832,0.6465256797583081
7,3,0.01,100,1,0.8,0.6020260492040521,0.6497005988023952,0.5982658959537572,0.6230440967283073,0.649546827794562
7,3,0.01,100,5,0.4,0.5979680696661829,0.6403508771929824,0.5918653576437588,0.6251768033946252,0.6334310850439883
7,3,0.01,100,5,0.6,0.6002886002886003,0.6421207658321061,0.5902097902097903,0.6225352112676056,0.6331360946745562
7,3,0.01,100,5,0.8,0.5928057553956835,0.638109305760709,0.5893854748603352,0.6190476190476191,0.6342182890855457
7,3,0.01,200,1,0.4,0.6071428571428571,0.6575342465753424,0.5994236311239193,0.6280752532561505,0.6523736600306279
7,3,0.01,200,1,0.6,0.600297176820208,0.6575342465753424,0.5953757225433526,0.625,0.6512345679012346
7,3,0.01,200,1,0.8,0.6083086053412463,0.6575342465753424,0.6026200873362445,0.6215827338129496,0.6479750778816199
7,3,0.01,200,5,0.4,0.6044444444444445,0.6458333333333334,0.5909090909090909,0.6285714285714286,0.6388059701492538
7,3,0.01,200,5,0.6,0.6085672082717873,0.6466165413533834,0.5920679886685553,0.6312769010043041,0.637593984962406
7,3,0.01,200,5,0.8,0.606508875739645,0.6446776611694153,0.5905848787446505,0.6269503546099291,0.6425339366515838
7,3,0.01,300,1,0.4,0.6036036036036037,0.6574500768049155,0.5979680696661829,0.6215022091310751,0.6511627906976745
7,3,0.01,300,1,0.6,0.6093514328808446,0.6615384615384615,0.5967976710334789,0.6261127596439169,0.6552262090483619
7,3,0.01,300,1,0.8,0.6033182503770739,0.6534954407294833,0.6081871345029239,0.6233382570162481,0.6520376175548589
7,3,0.01,300,5,0.4,0.6092124814264487,0.6494688922610015,0.5936599423631124,0.6289855072463768,0.6402439024390244
7,3,0.01,300,5,0.6,0.6096096096096096,0.6564885496183206,0.5911047345767575,0.6215827338129496,0.6442748091603053
7,3,0.01,300,5,0.8,0.6101190476190477,0.649546827794562,0.590778097982709,0.6291486291486291,0.6452599388379205
7,3,0.05,50,1,0.4,0.6032689450222882,0.6574074074074074,0.5956834532374101,0.6242774566473989,0.6523076923076923
7,3,0.05,50,1,0.6,0.6156156156156156,0.6574923547400612,0.6034985422740525,0.6229985443959243,0.6551724137931034
7,3,0.05,50,1,0.8,0.6119402985074627,0.6459627329192547,0.6067746686303387,0.623718887262079,0.65
7,3,0.05,50,5,0.4,0.6103703703703703,0.6423135464231354,0.6031746031746031,0.6328011611030478,0.6413373860182371
7,3,0.05,50,5,0.6,0.6029850746268657,0.6504559270516718,0.5971014492753624,0.6325036603221084,0.6403641881638846
7,3,0.05,50,5,0.8,0.6079295154185022,0.6424242424242425,0.6014388489208633,0.6273381294964029,0.6452599388379205
7,3,0.05,100,1,0.4,0.6042944785276073,0.6540880503144654,0.6005830903790087,0.6174298375184638,0.6572769953051644
7,3,0.05,100,1,0.6,0.6052227342549923,0.6656200941915228,0.606508875739645,0.6126126126126126,0.6489859594383776
7,3,0.05,100,1,0.8,0.6089644513137558,0.647887323943662,0.6035502958579881,0.6179104477611941,0.6593059936908517
7,3,0.05,100,5,0.4,0.6027397260273972,0.6604651162790698,0.5991189427312775,0.6268221574344023,0.6511627906976745
7,3,0.05,100,5,0.6,0.6054216867469879,0.6635802469135802,0.5991189427312775,0.620384047267356,0.6490683229813664
7,3,0.05,100,5,0.8,0.608433734939759,0.6512345679012346,0.6,0.6090775988286969,0.6499215070643642
7,3,0.05,200,1,0.4,0.6156299840510366,0.6634768740031898,0.5920245398773006,0.6076335877862595,0.6559485530546624
7,3,0.05,200,1,0.6,0.6134185303514377,0.645367412140575,0.601823708206687,0.6153846153846154,0.6507177033492823
7,3,0.05,200,1,0.8,0.6006493506493507,0.6579804560260586,0.599388379204893,0.6104294478527608,0.6559485530546624
7,3,0.05,200,5,0.4,0.61198738170347,0.6551181102362205,0.6081694402420574,0.6246246246246246,0.6550079491255962
7,3,0.05,200,5,0.6,0.6122448979591837,0.660347551342812,0.6036036036036037,0.6137724550898204,0.6613924050632911
7,3,0.05,200,5,0.8,0.6127527216174183,0.6471494607087828,0.5945945945945946,0.6146926536731634,0.6666666666666666
7,3,0.05,300,1,0.4,0.6062602965403624,0.654485049833887,0.5978090766823161,0.6034755134281201,0.6427406199021207
7,3,0.05,300,1,0.6,0.6062602965403624,0.6456953642384106,0.6063492063492063,0.6095238095238096,0.6525285481239804
7,3,0.05,300,1,0.8,0.6006711409395973,0.6622296173044925,0.5962145110410094,0.6099518459069021,0.6535947712418301
7,3,0.05,300,5,0.4,0.6019417475728155,0.6557377049180327,0.5984732824427481,0.6191950464396285,0.6645264847512039
7,3,0.05,300,5,0.6,0.6183574879227053,0.6503267973856209,0.6071987480438185,0.6149068322981367,0.6581059390048154
7,3,0.05,300,5,0.8,0.6129032258064516,0.656957928802589,0.5914634146341463,0.6118012422360248,0.6677524429967426
7,3,0.1,50,1,0.4,0.5950155763239875,0.6530612244897959,0.6110283159463488,0.6130952380952381,0.6499215070643642
7,3,0.1,50,1,0.6,0.6018808777429467,0.654320987654321,0.6130952380952381,0.6215022091310751,0.6464
7,3,0.1,50,1,0.8,0.6121212121212121,0.6540880503144654,0.61698956780924,0.6062407132243685,0.6551181102362205
7,3,0.1,50,5,0.4,0.5997001499250375,0.648729446935725,0.5884057971014492,0.6149341142020498,0.6531881804043546
7,3,0.1,50,5,0.6,0.6116941529235382,0.6513056835637481,0.5982404692082112,0.6147058823529412,0.6402439024390244
7,3,0.1,50,5,0.8,0.6139817629179332,0.6474164133738601,0.6047197640117994,0.6138032305433186,0.6490683229813664
7,3,0.1,100,1,0.4,0.6067415730337079,0.6537842190016103,0.6052227342549923,0.6097560975609756,0.65814696485623
7,3,0.1,100,1,0.6,0.6091205211726385,0.6561514195583596,0.6052227342549923,0.6153846153846154,0.6486486486486487
7,3,0.1,100,1,0.8,0.6070287539936102,0.6484751203852327,0.6170542635658914,0.6153846153846154,0.6698717948717948
7,3,0.1,100,5,0.4,0.6012269938650306,0.652241112828439,0.5967016491754122,0.6081694402420574,0.6551724137931034
7,3,0.1,100,5,0.6,0.6003110419906688,0.6393700787401575,0.6038291605301914,0.6112759643916914,0.6551724137931034
7,3,0.1,100,5,0.8,0.6175548589341693,0.6469673405909798,0.5948406676783005,0.6167664670658682,0.6613924050632911
7,3,0.1,200,1,0.4,0.6104553119730185,0.6476510067114094,0.6266233766233766,0.591869918699187,0.6532663316582915
7,3,0.1,200,1,0.6,0.5993265993265994,0.6444073455759599,0.6156299840510366,0.5963756177924218,0.6410684474123539
7,3,0.1,200,1,0.8,0.6030664395229983,0.6452702702702703,0.6079734219269103,0.6085526315789473,0.6510067114093959
7,3,0.1,200,5,0.4,0.6033333333333334,0.6533996683250415,0.5893416927899686,0.6106623586429726,0.6590909090909091
7,3,0.1,200,5,0.6,0.6023294509151415,0.6533996683250415,0.589540412044374,0.5993485342019544,0.6601626016260163
7,3,0.1,200,5,0.8,0.6016806722689075,0.6432160804020101,0.5990338164251208,0.6050955414012739,0.6502463054187192
7,3,0.1,300,1,0.4,0.6020761245674741,0.6413793103448275,0.6146179401993356,0.5858585858585859,0.6518771331058021
7,3,0.1,300,1,0.6,0.6042402826855123,0.6332179930795848,0.6052631578947368,0.6057529610829103,0.6346483704974271
7,3,0.1,300,1,0.8,0.5950704225352113,0.6363636363636364,0.597623089983022,0.5952380952380952,0.6379310344827587
7,3,0.1,300,5,0.4,0.6031195840554593,0.6303236797274276,0.5893719806763285,0.6,0.6305084745762712
7,3,0.1,300,5,0.6,0.596252129471891,0.6323024054982818,0.5990016638935108,0.5908319185059423,0.6378737541528239
7,3,0.1,300,5,0.8,0.5951557093425606,0.6295652173913043,0.5956006768189509,0.6033333333333334,0.6379310344827587
7,7,0.01,50,1,0.4,0.6020260492040521,0.6359583952451708,0.59375,0.623229461756374,0.6408345752608048
7,7,0.01,50,1,0.6,0.6005830903790087,0.6388059701492538,0.5879043600562588,0.6210826210826211,0.6425339366515838
7,7,0.01,50,1,0.8,0.6026200873362445,0.6355421686746988,0.594059405940594,0.6191155492154066,0.641566265060241
7,7,0.01,50,5,0.4,0.5965417867435159,0.6450662739322534,0.5918653576437588,0.6186440677966102,0.6358208955223881
7,7,0.01,50,5,0.6,0.5880681818181818,0.638728323699422,0.5902097902097903,0.6181818181818182,0.6298984034833092
7,7,0.01,50,5,0.8,0.5914285714285714,0.6404657933042213,0.5852981969486823,0.6183844011142061,0.6262626262626263
7,7,0.01,100,1,0.4,0.6008708272859217,0.6446776611694153,0.5991440798858774,0.6221590909090909,0.6465256797583081
7,7,0.01,100,1,0.6,0.6046511627906976,0.6416791604197901,0.5962910128388017,0.62,0.6484018264840182
7,7,0.01,100,1,0.8,0.6043795620437956,0.6457399103139013,0.6005747126436781,0.623229461756374,0.6466165413533834
7,7,0.01,100,5,0.4,0.5953757225433526,0.6440177252584933,0.5971428571428572,0.6188466947960619,0.6350148367952523
7,7,0.01,100,5,0.6,0.5945165945165946,0.6441176470588236,0.5912305516265912,0.6190476190476191,0.6304985337243402
7,7,0.01,100,5,0.8,0.5979680696661829,0.6451612903225806,0.5915492957746479,0.6192468619246861,0.6407185628742516
7,7,0.01,200,1,0.4,0.6047197640117994,0.6534954407294833,0.6002886002886003,0.6191860465116279,0.6391437308868502
7,7,0.01,200,1,0.6,0.6083086053412463,0.6595744680851063,0.5991316931982634,0.6213872832369942,0.6401225114854517
7,7,0.01,200,1,0.8,0.6023738872403561,0.6575757575757576,0.5997088791848617,0.6262626262626263,0.6481481481481481
7,7,0.01,200,5,0.4,0.6044444444444445,0.6476761619190404,0.5948275862068966,0.6273381294964029,0.6345864661654136
7,7,0.01,200,5,0.6,0.611764705882353,0.6457399103139013,0.5914285714285714,0.6296296296296297,0.6378539493293591
7,7,0.01,200,5,0.8,0.6056129985228951,0.649546827794562,0.5925925925925926,0.6294706723891274,0.6425339366515838
7,7,0.01,300,1,0.4,0.612184249628529,0.6625766871165644,0.6043795620437956,0.6235294117647059,0.6479750778816199
7,7,0.01,300,1,0.6,0.6020864381520119,0.650381679389313,0.6014598540145986,0.6248175182481752,0.6541471048513302
7,7,0.01,300,1,0.8,0.6119402985074627,0.6554878048780488,0.6008836524300442,0.6251851851851852,0.6542056074766355
7,7,0.01,300,5,0.4,0.6112759643916914,0.6554878048780488,0.5979680696661829,0.630057803468208,0.6432926829268293
7,7,0.01,300,5,0.6,0.6119402985074627,0.6494688922610015,0.5924855491329479,0.6280752532561505,0.6484018264840182
7,7,0.01,300,5,0.8,0.6119402985074627,0.6555386949924128,0.5962373371924746,0.6248175182481752,0.6432926829268293
7,7,0.05,50,1,0.4,0.6035502958579881,0.654490106544901,0.6,0.6202898550724638,0.647239263803681
7,7,0.05,50,1,0.6,0.6058823529411764,0.6524390243902439,0.6014598540145986,0.6229985443959243,0.6521060842433697
7,7,0.05,50,1,0.8,0.6032689450222882,0.6563467492260062,0.6126656848306333,0.618978102189781,0.6531881804043546
7,7,0.05,50,5,0.4,0.6080476900149031,0.6545454545454545,0.5882352941176471,0.6271676300578035,0.649390243902439
7,7,0.05,50,5,0.6,0.6128550074738416,0.6507462686567164,0.5948275862068966,0.6206896551724138,0.6334841628959276
7,7,0.05,50,5,0.8,0.6056129985228951,0.649390243902439,0.5948275862068966,0.6320346320346321,0.6463414634146342
7,7,0.05,100,1,0.4,0.5957446808510638,0.6595092024539877,0.5997045790251108,0.6135693215339233,0.6477093206951027
7,7,0.05,100,1,0.6,0.60882800608828,0.6594427244582043,0.6110283159463488,0.6116941529235382,0.6489859594383776
7,7,0.05,100,1,0.8,0.6089644513137558,0.6512345679012346,0.6106194690265486,0.612184249628529,0.6509433962264151
7,7,0.05,100,5,0.4,0.6033182503770739,0.6595419847328244,0.5942028985507246,0.6209912536443148,0.6523076923076923
7,7,0.05,100,5,0.6,0.6069802731411229,0.6565349544072948,0.6017699115044248,0.6207906295754027,0.6500777604976672
7,7,0.05,100,5,0.8,0.6059701492537314,0.6514459665144596,0.6056129985228951,0.611764705882353,0.6521739130434783
7,7,0.05,200,1,0.4,0.5987261146496815,0.6603174603174603,0.6048632218844985,0.600609756097561,0.657051282051282
7,7,0.05,200,1,0.6,0.6016,0.6486486486486487,0.6055045871559633,0.6094946401225115,0.6656050955414012
7,7,0.05,200,1,0.8,0.618066561014263,0.6698717948717948,0.5891238670694864,0.6077519379844961,0.6613924050632911
7,7,0.05,200,5,0.4,0.6118012422360248,0.6510903426791277,0.6119402985074627,0.6167664670658682,0.6499215070643642
7,7,0.05,200,5,0.6,0.5996908809891809,0.6581875993640699,0.6090909090909091,0.6076696165191741,0.660347551342812
7,7,0.05,200,5,0.8,0.6040061633281972,0.6500777604976672,0.6015037593984962,0.6135338345864662,0.6570972886762361
7,7,0.05,300,1,0.4,0.6058631921824105,0.6579804560260586,0.5891472868217055,0.5974842767295597,0.6492659053833605
7,7,0.05,300,1,0.6,0.6046511627906976,0.6524590163934426,0.6043613707165109,0.6222222222222222,0.6505636070853462
7,7,0.05,300,1,0.8,0.6035889070146819,0.6579804560260586,0.5940902021772939,0.6114649681528662,0.6623586429725363
7,7,0.05,300,5,0.4,0.6126984126984127,0.6558441558441559,0.6021180030257186,0.6156202143950995,0.6487341772151899
7,7,0.05,300,5,0.6,0.5977742448330684,0.6559485530546624,0.5984732824427481,0.6061538461538462,0.6463022508038585
7,7,0.05,300,5,0.8,0.6148969889064976,0.6528,0.6045801526717557,0.6127527216174183,0.6507177033492823
7,7,0.1,50,1,0.4,0.6021180030257186,0.6531881804043546,0.6017699115044248,0.6126656848306333,0.654320987654321
7,7,0.1,50,1,0.6,0.6061538461538462,0.6492307692307693,0.6140089418777943,0.6129032258064516,0.65
7,7,0.1,50,1,0.8,0.6134969325153374,0.6490683229813664,0.5976331360946746,0.6222222222222222,0.6479750778816199
7,7,0.1,50,5,0.4,0.6096096096096096,0.6503067484662577,0.5982404692082112,0.6228070175438597,0.65
7,7,0.1,50,5,0.6,0.6121212121212121,0.6513761467889908,0.6058823529411764,0.6242603550295858,0.656298600311042
7,7,0.1,50,5,0.8,0.6072507552870091,0.6575342465753424,0.5982404692082112,0.6201780415430267,0.6500777604976672
7,7,0.1,100,1,0.4,0.610062893081761,0.659270998415214,0.6051437216338881,0.6040061633281972,0.6538461538461539
7,7,0.1,100,1,0.6,0.6053882725832013,0.6477987421383647,0.6073619631901841,0.5957446808510638,0.6656
7,7,0.1,100,1,0.8,0.618066561014263,0.6634920634920635,0.5957446808510638,0.6151515151515151,0.6561514195583596
7,7,0.1,100,5,0.4,0.6077519379844961,0.6396255850234009,0.603030303030303,0.6233382570162481,0.6624405705229794
7,7,0.1,100,5,0.6,0.6024844720496895,0.6489859594383776,0.5991058122205664,0.6208955223880597,0.6561514195583596
7,7,0.1,100,5,0.8,0.6021505376344086,0.652241112828439,0.6126126126126126,0.631578947368421,0.6551724137931034
7,7,0.1,200,1,0.4,0.6062602965403624,0.6505636070853462,0.5952755905511811,0.6045016077170418,0.6491803278688525
7,7,0.1,200,1,0.6,0.609271523178808,0.6433333333333333,0.6003159557661928,0.6045016077170418,0.667779632721202
7,7,0.1,200,1,0.8,0.6105610561056105,0.6589018302828619,0.5876777251184834,0.6019417475728155,0.652317880794702
7,7,0.1,200,5,0.4,0.600326264274062,0.6484751203852327,0.5987460815047022,0.5981308411214953,0.6419354838709678
7,7,0.1,200,5,0.6,0.5947712418300654,0.6525285481239804,0.6012461059190031,0.6175548589341693,0.644122383252818
7,7,0.1,200,5,0.8,0.5983739837398374,0.6403940886699507,0.5974842767295597,0.5996810207336523,0.6537216828478964
7,7,0.1,300,1,0.4,0.6072041166380789,0.6451612903225806,0.597444089456869,0.592964824120603,0.6466666666666666
7,7,0.1,300,1,0.6,0.6127946127946128,0.6472602739726028,0.6042003231017771,0.5912162162162162,0.6395939086294417
7,7,0.1,300,1,0.8,0.611965811965812,0.636986301369863,0.6016260162601627,0.5922165820642978,0.6438356164383562
7,7,0.1,300,5,0.4,0.5959595959595959,0.6477462437395659,0.5848142164781907,0.6,0.6421404682274248
7,7,0.1,300,5,0.6,0.6020408163265306,0.6404109589041096,0.598705501618123,0.5970149253731343,0.64
7,7,0.1,300,5,0.8,0.5935919055649241,0.6355785837651122,0.6065573770491803,0.5944170771756979,0.6386554621848739
