param_classifier__colsample_bytree,param_classifier__learning_rate,param_classifier__max_depth,param_classifier__min_child_weight,param_classifier__n_estimators,param_classifier__subsample,split0_test_score,split1_test_score,split2_test_score,split3_test_score,split4_test_score
0.8,0.01,3,1,100,0.4,0.6008836524300442,0.6390532544378699,0.6104078762306611,0.6278409090909091,0.662613981762918
0.8,0.01,3,1,100,0.6,0.6035502958579881,0.6369047619047619,0.6153846153846154,0.6186440677966102,0.6636225266362252
0.8,0.01,3,1,100,0.8,0.6026587887740029,0.6362297496318114,0.609308885754584,0.6230440967283073,0.6615620214395099
0.8,0.01,3,1,200,0.4,0.5997045790251108,0.6449704142011834,0.6125356125356125,0.6267806267806267,0.6656534954407295
0.8,0.01,3,1,200,0.6,0.6029411764705882,0.6410635155096012,0.6085714285714285,0.6258890469416786,0.6615853658536586
0.8,0.01,3,1,200,0.8,0.6017699115044248,0.6409495548961425,0.6067415730337079,0.6230440967283073,0.6585365853658537
0.8,0.01,3,1,300,0.4,0.6006006006006006,0.6447761194029851,0.6054519368723099,0.6302158273381295,0.6594761171032357
0.8,0.01,3,1,300,0.6,0.6,0.6498516320474778,0.6045845272206304,0.6257142857142857,0.664624808575804
0.8,0.01,3,1,300,0.8,0.6011730205278593,0.6478454680534919,0.6096866096866097,0.620199146514936,0.6605504587155964
0.8,0.01,3,1,400,0.4,0.6015037593984962,0.648729446935725,0.6074498567335244,0.6231884057971014,0.6563467492260062
0.8,0.01,3,1,400,0.6,0.599406528189911,0.6497764530551415,0.5988538681948424,0.6264367816091954,0.6595092024539877
0.8,0.01,3,1,400,0.8,0.5943536404160475,0.6476761619190404,0.603399433427762,0.6193921852387844,0.662557781201849
0.8,0.01,3,3,100,0.4,0.6008836524300442,0.638109305760709,0.6104078762306611,0.6267806267806267,0.662613981762918
0.8,0.01,3,3,100,0.6,0.6035502958579881,0.6369047619047619,0.6153846153846154,0.6186440677966102,0.6636225266362252
0.8,0.01,3,3,100,0.8,0.6035502958579881,0.6362297496318114,0.609308885754584,0.6230440967283073,0.6615620214395099
0.8,0.01,3,3,200,0.4,0.6005917159763313,0.6449704142011834,0.6116642958748222,0.6258890469416786,0.6636363636363637
0.8,0.01,3,3,200,0.6,0.6029411764705882,0.6410635155096012,0.6085714285714285,0.6258890469416786,0.6625954198473283
0.8,0.01,3,3,200,0.8,0.6020558002936858,0.6420118343195266,0.6067415730337079,0.6248216833095578,0.6595419847328244
0.8,0.01,3,3,300,0.4,0.6026986506746627,0.6446776611694153,0.6054519368723099,0.6312769010043041,0.6594761171032357
0.8,0.01,3,3,300,0.6,0.6,0.6498516320474778,0.6048502139800286,0.6266094420600858,0.664624808575804
0.8,0.01,3,3,300,0.8,0.6029411764705882,0.6488095238095238,0.6077032810271041,0.620199146514936,0.6605504587155964
0.8,0.01,3,3,400,0.4,0.6033182503770739,0.6517189835575485,0.6080691642651297,0.625,0.65527950310559
0.8,0.01,3,3,400,0.6,0.6014814814814815,0.6527570789865872,0.597997138769671,0.6273381294964029,0.6605222734254992
0.8,0.01,3,3,400,0.8,0.5961251862891207,0.6507462686567164,0.603399433427762,0.6202898550724638,0.6615384615384615
0.8,0.01,3,5,100,0.4,0.6008836524300442,0.636094674556213,0.6104078762306611,0.6267806267806267,0.662613981762918
0.8,0.01,3,5,100,0.6,0.6035502958579881,0.6369047619047619,0.6153846153846154,0.6186440677966102,0.6636225266362252
0.8,0.01,3,5,100,0.8,0.6035502958579881,0.6362297496318114,0.609308885754584,0.6230440967283073,0.6615620214395099
0.8,0.01,3,5,200,0.4,0.5967503692762186,0.6449704142011834,0.6059743954480796,0.6267806267806267,0.6636363636363637
0.8,0.01,3,5,200,0.6,0.6029411764705882,0.6420118343195266,0.6096866096866097,0.6258890469416786,0.6605783866057838
0.8,0.01,3,5,200,0.8,0.6011730205278593,0.64,0.6067415730337079,0.6230440967283073,0.6595419847328244
0.8,0.01,3,5,300,0.4,0.6006006006006006,0.6458333333333334,0.6045845272206304,0.6264367816091954,0.6584615384615384
0.8,0.01,3,5,300,0.6,0.6008836524300442,0.6488888888888888,0.6068376068376068,0.6257142857142857,0.6636085626911316
0.8,0.01,3,5,300,0.8,0.6029411764705882,0.6478454680534919,0.6096866096866097,0.6210826210826211,0.6625766871165644
0.8,0.01,3,5,400,0.4,0.6015037593984962,0.6536731634182908,0.6074498567335244,0.6260869565217392,0.653250773993808
0.8,0.01,3,5,400,0.6,0.5982142857142857,0.648729446935725,0.597997138769671,0.6282420749279539,0.6605222734254992
0.8,0.01,3,5,400,0.8,0.5943536404160475,0.6517189835575485,0.6053748231966054,0.6176046176046176,0.6615384615384615
0.8,0.01,5,1,100,0.4,0.6030769230769231,0.6523736600306279,0.6195488721804512,0.6287425149700598,0.6603174603174603
0.8,0.01,5,1,100,0.6,0.6097560975609756,0.6463414634146342,0.606508875739645,0.6287425149700598,0.6549520766773163
0.8,0.01,5,1,100,0.8,0.6055045871559633,0.6403641881638846,0.6144756277695717,0.6186186186186187,0.6593406593406593
0.8,0.01,5,1,200,0.4,0.6043613707165109,0.648062015503876,0.6163141993957704,0.6135338345864662,0.6624605678233438
0.8,0.01,5,1,200,0.6,0.6082949308755761,0.654434250764526,0.6017699115044248,0.6111951588502269,0.6603174603174603
0.8,0.01,5,1,200,0.8,0.6070878274268104,0.6452599388379205,0.6029411764705882,0.61698956780924,0.6571879936808847
0.8,0.01,5,1,300,0.4,0.6095238095238096,0.6573208722741433,0.6163141993957704,0.6118721461187214,0.659270998415214
0.8,0.01,5,1,300,0.6,0.6130030959752322,0.653250773993808,0.6056129985228951,0.6160849772382397,0.6613672496025437
0.8,0.01,5,1,300,0.8,0.6108527131782946,0.648062015503876,0.6076696165191741,0.6176911544227887,0.659270998415214
0.8,0.01,5,1,400,0.4,0.6048,0.6562009419152276,0.6139817629179332,0.6172465960665658,0.6603174603174603
0.8,0.01,5,1,400,0.6,0.6163522012578616,0.6562009419152276,0.6056971514242878,0.6072507552870091,0.6602870813397129
0.8,0.01,5,1,400,0.8,0.6112852664576802,0.6458658346333853,0.6083086053412463,0.6156156156156156,0.6550632911392406
0.8,0.01,5,3,100,0.4,0.6061538461538462,0.6574500768049155,0.6167664670658682,0.6336336336336337,0.6613924050632911
0.8,0.01,5,3,100,0.6,0.6048632218844985,0.6474164133738601,0.6085672082717873,0.6266866566716641,0.659270998415214
0.8,0.01,5,3,100,0.8,0.6055045871559633,0.6424242424242425,0.6153846153846154,0.6225563909774436,0.658307210031348
0.8,0.01,5,3,200,0.4,0.6043613707165109,0.6451612903225806,0.6126126126126126,0.6156156156156156,0.6656101426307448
0.8,0.01,5,3,200,0.6,0.6123076923076923,0.6513761467889908,0.6017699115044248,0.6195488721804512,0.6613672496025437
0.8,0.01,5,3,200,0.8,0.6092307692307692,0.647239263803681,0.6008836524300442,0.6216216216216216,0.6540284360189573
0.8,0.01,5,3,300,0.4,0.6037735849056604,0.6574074074074074,0.6153846153846154,0.6179604261796042,0.6624605678233438
0.8,0.01,5,3,300,0.6,0.6118012422360248,0.652241112828439,0.6053412462908012,0.6135338345864662,0.6603174603174603
0.8,0.01,5,3,300,0.8,0.6118012422360248,0.648062015503876,0.6061493411420205,0.6206896551724138,0.6551181102362205
0.8,0.01,5,3,400,0.4,0.6085578446909667,0.660377358490566,0.6191198786039454,0.6111951588502269,0.6582278481012658
0.8,0.01,5,3,400,0.6,0.6153846153846154,0.6551724137931034,0.6017964071856288,0.6102719033232629,0.6570972886762361
0.8,0.01,5,3,400,0.8,0.6158631415241057,0.6459627329192547,0.6076696165191741,0.6153846153846154,0.6529968454258676
0.8,0.01,5,5,100,0.4,0.6042944785276073,0.6470588235294118,0.6190476190476191,0.623688155922039,0.6581875993640699
0.8,0.01,5,5,100,0.6,0.6048632218844985,0.6443768996960486,0.6083086053412463,0.6238805970149254,0.6560509554140127
0.8,0.01,5,5,100,0.8,0.6045801526717557,0.6425339366515838,0.6174298375184638,0.6216216216216216,0.6572769953051644
0.8,0.01,5,5,200,0.4,0.5984496124031008,0.6460587326120556,0.6174698795180723,0.6146926536731634,0.6656101426307448
0.8,0.01,5,5,200,0.6,0.6092307692307692,0.6524390243902439,0.6044444444444445,0.6156156156156156,0.6592356687898089
0.8,0.01,5,5,200,0.8,0.6111111111111112,0.647239263803681,0.6035502958579881,0.6167664670658682,0.6572327044025157
0.8,0.01,5,5,300,0.4,0.603125,0.6481481481481481,0.6176911544227887,0.6153846153846154,0.6635071090047393
0.8,0.01,5,5,300,0.6,0.6080246913580247,0.654320987654321,0.6041666666666666,0.6123680241327301,0.6666666666666666
0.8,0.01,5,5,300,0.8,0.6130030959752322,0.6491499227202473,0.604992657856094,0.6144578313253012,0.6551181102362205
0.8,0.01,5,5,400,0.4,0.6075949367088608,0.6542056074766355,0.6165413533834586,0.6172465960665658,0.6666666666666666
0.8,0.01,5,5,400,0.6,0.6125,0.6521060842433697,0.6045112781954888,0.6102719033232629,0.6603174603174603
0.8,0.01,5,5,400,0.8,0.6149068322981367,0.646875,0.6083086053412463,0.6144578313253012,0.6509433962264151
0.8,0.01,7,1,100,0.4,0.6066666666666667,0.6462035541195477,0.6173228346456693,0.615625,0.659016393442623
0.8,0.01,7,1,100,0.6,0.6214876033057851,0.6602870813397129,0.6189735614307932,0.622848200312989,0.6490939044481054
0.8,0.01,7,1,100,0.8,0.6113821138211382,0.6562009419152276,0.6199376947040498,0.6139534883720931,0.6493506493506493
0.8,0.01,7,1,200,0.4,0.6125827814569537,0.6601941747572816,0.6182965299684543,0.6222222222222222,0.6546644844517185
0.8,0.01,7,1,200,0.6,0.6237623762376238,0.6592,0.6158631415241057,0.6182965299684543,0.6480263157894737
0.8,0.01,7,1,200,0.8,0.6143790849673203,0.6624203821656051,0.6177847113884556,0.6194968553459119,0.6459016393442623
0.8,0.01,7,1,300,0.4,0.6135986733001658,0.6710310965630114,0.6117274167987322,0.6260032102728732,0.6567164179104478
0.8,0.01,7,1,300,0.6,0.609715242881072,0.6666666666666666,0.61198738170347,0.6212361331220285,0.642504118616145
0.8,0.01,7,1,300,0.8,0.6102819237147595,0.6688311688311688,0.609642301710731,0.6206896551724138,0.6436781609195402
0.8,0.01,7,1,400,0.4,0.6086956521739131,0.6655629139072847,0.6114649681528662,0.622792937399679,0.6522462562396006
0.8,0.01,7,1,400,0.6,0.6104553119730185,0.6732348111658456,0.6146496815286624,0.624405705229794,0.6446280991735537
0.8,0.01,7,1,400,0.8,0.609715242881072,0.672077922077922,0.6110236220472441,0.6178343949044586,0.6413223140495867
0.8,0.01,7,3,100,0.4,0.608130081300813,0.645367412140575,0.62402496099844,0.6271450858034321,0.6633986928104575
0.8,0.01,7,3,100,0.6,0.6178861788617886,0.6498422712933754,0.6232558139534884,0.6251944012441679,0.6546052631578947
0.8,0.01,7,3,100,0.8,0.6136363636363636,0.651017214397496,0.6108527131782946,0.6191950464396285,0.6494345718901454
0.8,0.01,7,3,200,0.4,0.6146341463414634,0.6655948553054662,0.6141732283464567,0.621875,0.6579378068739771
0.8,0.01,7,3,200,0.6,0.6241830065359477,0.6634768740031898,0.6189735614307932,0.6158631415241057,0.6502463054187192
0.8,0.01,7,3,200,0.8,0.6178861788617886,0.6550632911392406,0.6149068322981367,0.6197183098591549,0.6471544715447154
0.8,0.01,7,3,300,0.4,0.6052631578947368,0.6698872785829307,0.6129541864139021,0.6151419558359621,0.6557377049180327
0.8,0.01,7,3,300,0.6,0.6181818181818182,0.6570048309178744,0.6134585289514867,0.6216640502354788,0.6523887973640856
0.8,0.01,7,3,300,0.8,0.6098360655737705,0.6591276252019386,0.6071987480438185,0.6273291925465838,0.639344262295082
0.8,0.01,7,3,400,0.4,0.609271523178808,0.6710097719869706,0.6114649681528662,0.6170886075949367,0.6568144499178982
0.8,0.01,7,3,400,0.6,0.6143572621035058,0.6601941747572816,0.61198738170347,0.62402496099844,0.6501650165016502
0.8,0.01,7,3,400,0.8,0.6059602649006622,0.6579804560260586,0.6117274167987322,0.6211180124223602,0.6338259441707718
0.8,0.01,7,5,100,0.4,0.6114649681528662,0.6424050632911392,0.6211180124223602,0.6156202143950995,0.6579804560260586
0.8,0.01,7,5,100,0.6,0.624,0.6488188976377953,0.6253869969040248,0.617737003058104,0.6612641815235009
0.8,0.01,7,5,100,0.8,0.6112,0.6521060842433697,0.6165644171779141,0.6226993865030674,0.6472491909385113
0.8,0.01,7,5,200,0.4,0.6168521462639109,0.656,0.6170542635658914,0.6139534883720931,0.6644844517184942
0.8,0.01,7,5,200,0.6,0.6256077795786061,0.6571428571428571,0.6125574272588055,0.6222910216718266,0.6546644844517185
0.8,0.01,7,5,200,0.8,0.6208,0.6571879936808847,0.6158536585365854,0.6180124223602484,0.6396103896103896
0.8,0.01,7,5,300,0.4,0.6096774193548387,0.6613162118780096,0.6177847113884556,0.616822429906542,0.6546052631578947
0.8,0.01,7,5,300,0.6,0.6163934426229508,0.6645367412140575,0.6118012422360248,0.6236220472440945,0.6491803278688525
0.8,0.01,7,5,300,0.8,0.6205787781350482,0.6624203821656051,0.6141975308641975,0.6203703703703703,0.6320907617504052
0.8,0.01,7,5,400,0.4,0.6123778501628665,0.667741935483871,0.6125,0.6153846153846154,0.6558441558441559
0.8,0.01,7,5,400,0.6,0.6174055829228243,0.6634460547504025,0.6081504702194357,0.6236220472440945,0.6457990115321252
0.8,0.01,7,5,400,0.8,0.6098360655737705,0.6602254428341385,0.609642301710731,0.6201550387596899,0.6363636363636364
0.8,0.05,3,1,100,0.4,0.6060606060606061,0.649546827794562,0.6089466089466089,0.6349206349206349,0.6615620214395099
0.8,0.05,3,1,100,0.6,0.5984962406015037,0.6526946107784432,0.6025824964131994,0.60932944606414,0.6594090202177294
0.8,0.05,3,1,100,0.8,0.5919282511210763,0.6476761619190404,0.599713055954089,0.617816091954023,0.6584615384615384
0.8,0.05,3,1,200,0.4,0.6089644513137558,0.6513056835637481,0.6076696165191741,0.6208955223880597,0.6687306501547987
0.8,0.05,3,1,200,0.6,0.6137071651090342,0.6484018264840182,0.6142649199417758,0.6153846153846154,0.6554878048780488
0.8,0.05,3,1,200,0.8,0.6030769230769231,0.6452599388379205,0.6084425036390102,0.6176470588235294,0.6584615384615384
0.8,0.05,3,1,300,0.4,0.6127527216174183,0.6594090202177294,0.6014814814814815,0.6086956521739131,0.6697674418604651
0.8,0.05,3,1,300,0.6,0.609105180533752,0.6594427244582043,0.6135693215339233,0.6124260355029586,0.654320987654321
0.8,0.05,3,1,300,0.8,0.6105919003115264,0.6543778801843319,0.6094674556213018,0.6208955223880597,0.6572769953051644
0.8,0.05,3,1,400,0.4,0.6132075471698113,0.658267716535433,0.5991058122205664,0.5972850678733032,0.6635220125786163
0.8,0.05,3,1,400,0.6,0.6107594936708861,0.6573208722741433,0.6050670640834576,0.6029850746268657,0.6551724137931034
0.8,0.05,3,1,400,0.8,0.6022187004754358,0.6541471048513302,0.5979073243647235,0.6146926536731634,0.6573208722741433
0.8,0.05,3,3,100,0.4,0.60790273556231,0.6576168929110106,0.6057971014492753,0.6253602305475504,0.6636085626911316
0.8,0.05,3,3,100,0.6,0.6024096385542169,0.6527570789865872,0.6019971469329529,0.6084425036390102,0.656298600311042
0.8,0.05,3,3,100,0.8,0.5949177877428998,0.6556390977443609,0.5959885386819485,0.6184971098265896,0.662557781201849
0.8,0.05,3,3,200,0.4,0.6141975308641975,0.6513761467889908,0.611764705882353,0.6116941529235382,0.6625194401244168
0.8,0.05,3,3,200,0.6,0.6068111455108359,0.6484848484848484,0.6142649199417758,0.6133333333333333,0.6575342465753424
0.8,0.05,3,3,200,0.8,0.6058732612055642,0.6412213740458015,0.6084425036390102,0.6217008797653959,0.6625766871165644
0.8,0.05,3,3,300,0.4,0.6203703703703703,0.6583850931677019,0.6094674556213018,0.6195488721804512,0.6635367762128326
0.8,0.05,3,3,300,0.6,0.6040688575899843,0.6553846153846153,0.6140350877192983,0.6103703703703703,0.6615146831530139
0.8,0.05,3,3,300,0.8,0.603125,0.6594090202177294,0.6,0.6138032305433186,0.6625386996904025
0.8,0.05,3,3,400,0.4,0.6191950464396285,0.6550632911392406,0.5945945945945946,0.6054216867469879,0.658267716535433
0.8,0.05,3,3,400,0.6,0.6110236220472441,0.6614420062695925,0.6083086053412463,0.6071428571428571,0.6531881804043546
0.8,0.05,3,3,400,0.8,0.6028257456828885,0.6614173228346457,0.6020864381520119,0.6050670640834576,0.6614664586583463
0.8,0.05,3,5,100,0.4,0.60790273556231,0.6596385542168675,0.6109510086455331,0.622478386167147,0.6625954198473283
0.8,0.05,3,5,100,0.6,0.6056971514242878,0.6537890044576523,0.6028571428571429,0.6095791001451378,0.6614664586583463
0.8,0.05,3,5,100,0.8,0.5958083832335329,0.6546546546546547,0.5977011494252874,0.6202898550724638,0.6625386996904025
0.8,0.05,3,5,200,0.4,0.6076335877862595,0.6554878048780488,0.6103703703703703,0.6092124814264487,0.6656346749226006
0.8,0.05,3,5,200,0.6,0.6118012422360248,0.6575342465753424,0.6133720930232558,0.6183431952662722,0.6595092024539877
0.8,0.05,3,5,200,0.8,0.6058732612055642,0.6452599388379205,0.6020558002936858,0.624633431085044,0.6595419847328244
0.8,0.05,3,5,300,0.4,0.6058732612055642,0.6563467492260062,0.6008836524300442,0.6090909090909091,0.6625194401244168
0.8,0.05,3,5,300,0.6,0.6089644513137558,0.6573643410852713,0.6035502958579881,0.6071428571428571,0.6635658914728683
0.8,0.05,3,5,300,0.8,0.6068111455108359,0.6552262090483619,0.5973254086181278,0.6181277860326895,0.6573208722741433
0.8,0.05,3,5,400,0.4,0.6146645865834633,0.6562009419152276,0.5973254086181278,0.599388379204893,0.6614664586583463
0.8,0.05,3,5,400,0.6,0.6115444617784711,0.6604068857589984,0.608955223880597,0.599406528189911,0.6572327044025157
0.8,0.05,3,5,400,0.8,0.6037735849056604,0.6624605678233438,0.5970149253731343,0.6050670640834576,0.664576802507837
0.8,0.05,5,1,100,0.4,0.6151419558359621,0.6581875993640699,0.6081694402420574,0.6051437216338881,0.6601941747572816
0.8,0.05,5,1,100,0.6,0.6089743589743589,0.6530612244897959,0.5990922844175491,0.6097560975609756,0.6476190476190476
0.8,0.05,5,1,100,0.8,0.6019108280254777,0.6509433962264151,0.591044776119403,0.6114457831325302,0.6570972886762361
0.8,0.05,5,1,200,0.4,0.6074313408723748,0.6601626016260163,0.6165884194053208,0.6151419558359621,0.642504118616145
0.8,0.05,5,1,200,0.6,0.605475040257649,0.6452648475120385,0.609642301710731,0.6168521462639109,0.6464
0.8,0.05,5,1,200,0.8,0.6055646481178396,0.656957928802589,0.5975232198142415,0.6089644513137558,0.6504065040650406
0.8,0.05,5,1,300,0.4,0.6219312602291326,0.6567656765676567,0.6158730158730159,0.6146341463414634,0.631578947368421
0.8,0.05,5,1,300,0.6,0.6,0.6567656765676567,0.5981012658227848,0.6035889070146819,0.6461038961038961
0.8,0.05,5,1,300,0.8,0.594059405940594,0.6622516556291391,0.6037735849056604,0.6134185303514377,0.6447368421052632
0.8,0.05,5,1,400,0.4,0.6037099494097807,0.6610738255033557,0.6064516129032258,0.5980392156862745,0.6319327731092437
0.8,0.05,5,1,400,0.6,0.5943238731218697,0.6441821247892074,0.5964343598055105,0.5980392156862745,0.6291390728476821
0.8,0.05,5,1,400,0.8,0.597972972972973,0.6531302876480541,0.6060606060606061,0.6133768352365416,0.6409395973154363
0.8,0.05,5,3,100,0.4,0.6078740157480315,0.6486486486486487,0.6116207951070336,0.622356495468278,0.6548956661316212
0.8,0.05,5,3,100,0.6,0.6067415730337079,0.6541471048513302,0.6021180030257186,0.6141975308641975,0.65814696485623
0.8,0.05,5,3,100,0.8,0.6069182389937107,0.6531881804043546,0.6017964071856288,0.6102719033232629,0.6485623003194888
0.8,0.05,5,3,200,0.4,0.6058631921824105,0.642504118616145,0.6139534883720931,0.6103286384976526,0.6525974025974026
0.8,0.05,5,3,200,0.6,0.6136363636363636,0.6559485530546624,0.5947611710323575,0.6040688575899843,0.645367412140575
0.8,0.05,5,3,200,0.8,0.6103896103896104,0.6613672496025437,0.6012269938650306,0.6086956521739131,0.6601626016260163
0.8,0.05,5,3,300,0.4,0.6131147540983607,0.6545454545454545,0.6095238095238096,0.5968253968253968,0.6449511400651465
0.8,0.05,5,3,300,0.6,0.5996758508914101,0.6644628099173554,0.5968253968253968,0.6,0.6493506493506493
0.8,0.05,5,3,300,0.8,0.5924713584288053,0.6579378068739771,0.5971563981042654,0.6096774193548387,0.642504118616145
0.8,0.05,5,3,400,0.4,0.6073825503355704,0.66110183639399,0.6022544283413849,0.5954692556634305,0.6403940886699507
0.8,0.05,5,3,400,0.6,0.5903814262023217,0.6711409395973155,0.5967741935483871,0.6038961038961039,0.6513911620294599
0.8,0.05,5,3,400,0.8,0.5950413223140496,0.6555740432612313,0.5945945945945946,0.6105610561056105,0.6380165289256199
0.8,0.05,5,5,100,0.4,0.618066561014263,0.6550632911392406,0.6149162861491628,0.6242424242424243,0.6477093206951027
0.8,0.05,5,5,100,0.6,0.6053882725832013,0.6573208722741433,0.5952380952380952,0.5996955859969558,0.6507177033492823
0.8,0.05,5,5,100,0.8,0.6110236220472441,0.6530612244897959,0.6033182503770739,0.6097560975609756,0.6518987341772152
0.8,0.05,5,5,200,0.4,0.6051779935275081,0.6536585365853659,0.599388379204893,0.6040688575899843,0.6525974025974026
0.8,0.05,5,5,200,0.6,0.605475040257649,0.6602870813397129,0.593939393939394,0.6053042121684867,0.6494345718901454
0.8,0.05,5,5,200,0.8,0.6116504854368932,0.6730769230769231,0.6130030959752322,0.6120556414219475,0.6462035541195477
0.8,0.05,5,5,300,0.4,0.5945072697899838,0.6546052631578947,0.6015748031496063,0.6053882725832013,0.6601941747572816
0.8,0.05,5,5,300,0.6,0.6019417475728155,0.6644736842105263,0.6050156739811913,0.6056782334384858,0.6418152350081038
0.8,0.05,5,5,300,0.8,0.5957446808510638,0.6774716369529984,0.6069182389937107,0.6136724960254372,0.6343042071197411
0.8,0.05,5,5,400,0.4,0.5980066445182725,0.6633663366336634,0.589171974522293,0.6003159557661928,0.6490939044481054
0.8,0.05,5,5,400,0.6,0.6062602965403624,0.6733668341708543,0.6063492063492063,0.5971107544141252,0.636215334420881
0.8,0.05,5,5,400,0.8,0.5963756177924218,0.6721854304635762,0.6104928457869634,0.6022544283413849,0.6206896551724138
0.8,0.05,7,1,100,0.4,0.6140939597315436,0.6733001658374793,0.6188197767145136,0.6053882725832013,0.6455906821963394
0.8,0.05,7,1,100,0.6,0.6197654941373534,0.6600985221674877,0.6234177215189873,0.6116504854368932,0.6410684474123539
0.8,0.05,7,1,100,0.8,0.6030150753768844,0.6633663366336634,0.610062893081761,0.6193548387096774,0.6460032626427407
0.8,0.05,7,1,200,0.4,0.58578856152513,0.6561954624781849,0.6411960132890365,0.5958904109589042,0.634974533106961
0.8,0.05,7,1,200,0.6,0.603448275862069,0.657487091222031,0.6189683860232945,0.589018302828619,0.637137989778535
0.8,0.05,7,1,200,0.8,0.5882352941176471,0.6518010291595198,0.6095551894563427,0.6023294509151415,0.6351351351351351
0.8,0.05,7,1,300,0.4,0.5874125874125874,0.647787610619469,0.631578947368421,0.5941278065630398,0.6306620209059234
0.8,0.05,7,1,300,0.6,0.5925925925925926,0.6345811051693404,0.6275862068965518,0.5886402753872634,0.631578947368421
0.8,0.05,7,1,300,0.8,0.5964285714285714,0.6362038664323374,0.6084033613445378,0.6024096385542169,0.6366782006920415
0.8,0.05,7,1,400,0.4,0.592057761732852,0.6415770609318996,0.6204506065857885,0.5859649122807018,0.6254416961130742
0.8,0.05,7,1,400,0.6,0.5792349726775956,0.6134301270417423,0.6212914485165794,0.5714285714285714,0.6206896551724138
0.8,0.05,7,1,400,0.8,0.575591985428051,0.6243194192377496,0.6116838487972509,0.5799648506151143,0.6300884955752213
0.8,0.05,7,3,100,0.4,0.6161449752883031,0.6589403973509934,0.6163522012578616,0.6168521462639109,0.6600985221674877
0.8,0.05,7,3,100,0.6,0.6110183639398998,0.6622734761120264,0.620253164556962,0.610223642172524,0.6426229508196721
0.8,0.05,7,3,100,0.8,0.6013289036544851,0.6710310965630114,0.6059654631083202,0.6194968553459119,0.6437908496732027
0.8,0.05,7,3,200,0.4,0.6051282051282051,0.6643478260869565,0.6045751633986928,0.5983471074380166,0.6452702702702703
0.8,0.05,7,3,200,0.6,0.5864406779661017,0.6587436332767402,0.6138613861386139,0.5967213114754099,0.6319327731092437
0.8,0.05,7,3,200,0.8,0.6047297297297297,0.6599326599326599,0.6108374384236454,0.6058631921824105,0.6510851419031719
0.8,0.05,7,3,300,0.4,0.5947826086956521,0.6526315789473685,0.6056572379367721,0.5792163543441227,0.6374367622259697
0.8,0.05,7,3,300,0.6,0.5878260869565217,0.6402753872633391,0.6135593220338983,0.587248322147651,0.6271186440677966
0.8,0.05,7,3,300,0.8,0.5996533795493935,0.6426116838487973,0.6043405676126878,0.5912162162162162,0.6312178387650086
0.8,0.05,7,3,400,0.4,0.5790408525754884,0.6502636203866432,0.6023294509151415,0.5836177474402731,0.6437177280550774
0.8,0.05,7,3,400,0.6,0.5950704225352113,0.631578947368421,0.612736660929432,0.5772495755517827,0.6223776223776224
0.8,0.05,7,3,400,0.8,0.5880281690140845,0.6373239436619719,0.5989847715736041,0.5793103448275863,0.626970227670753
0.8,0.05,7,5,100,0.4,0.6136363636363636,0.6547811993517018,0.6184615384615385,0.6125,0.6568144499178982
0.8,0.05,7,5,100,0.6,0.6120401337792643,0.6590909090909091,0.6273291925465838,0.6134585289514867,0.6448445171849427
0.8,0.05,7,5,100,0.8,0.5963149078726968,0.6677524429967426,0.6049382716049383,0.6214511041009464,0.6436781609195402
0.8,0.05,7,5,200,0.4,0.5963149078726968,0.6677852348993288,0.6086956521739131,0.602291325695581,0.6434494195688225
0.8,0.05,7,5,200,0.6,0.6079734219269103,0.654300168634064,0.6009693053311793,0.5977382875605816,0.6421404682274248
0.8,0.05,7,5,200,0.8,0.5882352941176471,0.6565656565656566,0.6129032258064516,0.6078431372549019,0.6408094435075885
0.8,0.05,7,5,300,0.4,0.5986394557823129,0.652027027027027,0.6058631921824105,0.5953177257525084,0.6420168067226891
0.8,0.05,7,5,300,0.6,0.6098807495741057,0.6552315608919382,0.6141215106732348,0.5957446808510638,0.6343906510851419
0.8,0.05,7,5,300,0.8,0.5846153846153846,0.652027027027027,0.6072607260726073,0.5983193277310924,0.6385135135135135
0.8,0.05,7,5,400,0.4,0.5986159169550173,0.649746192893401,0.6115702479338843,0.5896147403685092,0.626916524701874
0.8,0.05,7,5,400,0.6,0.5958188153310104,0.6422338568935427,0.6138613861386139,0.5933333333333334,0.6232876712328768
0.8,0.05,7,5,400,0.8,0.5779334500875657,0.6341463414634146,0.609715242881072,0.5866209262435678,0.6357388316151202
0.8,0.1,3,1,100,0.4,0.6070878274268104,0.6491499227202473,0.6088235294117647,0.6035502958579881,0.6521739130434783
0.8,0.1,3,1,100,0.6,0.6106870229007634,0.6615620214395099,0.6099706744868035,0.6174298375184638,0.6531881804043546
0.8,0.1,3,1,100,0.8,0.6076335877862595,0.6474164133738601,0.5924855491329479,0.6235294117647059,0.667687595712098
0.8,0.1,3,1,200,0.4,0.610062893081761,0.6562009419152276,0.6021180030257186,0.5957446808510638,0.660347551342812
0.8,0.1,3,1,200,0.6,0.61875,0.6521739130434783,0.6090909090909091,0.6026986506746627,0.6521739130434783
0.8,0.1,3,1,200,0.8,0.6137071651090342,0.6635367762128326,0.5961820851688693,0.6172106824925816,0.6614420062695925
0.8,0.1,3,1,300,0.4,0.6173228346456693,0.6518282988871225,0.5996955859969558,0.5953488372093023,0.6677215189873418
0.8,0.1,3,1,300,0.6,0.6085578446909667,0.651685393258427,0.6146788990825688,0.583206106870229,0.652931854199683
0.8,0.1,3,1,300,0.8,0.6107594936708861,0.6624203821656051,0.5922619047619048,0.5993975903614458,0.653968253968254
0.8,0.1,3,1,400,0.4,0.6038338658146964,0.6471544715447154,0.5975609756097561,0.5935085007727975,0.6624
0.8,0.1,3,1,400,0.6,0.603225806451613,0.6644844517184942,0.6101694915254238,0.5885885885885885,0.6401273885350318
0.8,0.1,3,1,400,0.8,0.5910543130990416,0.6709886547811994,0.6021180030257186,0.6024464831804281,0.6464
0.8,0.1,3,3,100,0.4,0.6082949308755761,0.6493108728943339,0.6062407132243685,0.606508875739645,0.6482334869431644
0.8,0.1,3,3,100,0.6,0.6094946401225115,0.6484018264840182,0.6061493411420205,0.6083086053412463,0.6574500768049155
0.8,0.1,3,3,100,0.8,0.598159509202454,0.650231124807396,0.6008708272859217,0.6292466765140325,0.6605504587155964
0.8,0.1,3,3,200,0.4,0.6267716535433071,0.647887323943662,0.6026986506746627,0.6024844720496895,0.6501547987616099
0.8,0.1,3,3,200,0.6,0.6185243328100472,0.6572327044025157,0.6036036036036037,0.5996955859969558,0.6563944530046225
0.8,0.1,3,3,200,0.8,0.6089644513137558,0.6624803767660911,0.5988200589970502,0.6144578313253012,0.6489859594383776
0.8,0.1,3,3,300,0.4,0.6108527131782946,0.6466876971608833,0.6055045871559633,0.6003110419906688,0.6416275430359938
0.8,0.1,3,3,300,0.6,0.6056782334384858,0.6645367412140575,0.6153846153846154,0.5835866261398176,0.6604651162790698
0.8,0.1,3,3,300,0.8,0.5968253968253968,0.65814696485623,0.6029850746268657,0.5927051671732523,0.6498422712933754
0.8,0.1,3,3,400,0.4,0.6069182389937107,0.6558966074313409,0.600609756097561,0.5864197530864198,0.6342229199372057
0.8,0.1,3,3,400,0.6,0.6067415730337079,0.6634304207119741,0.6,0.5933734939759037,0.6436420722135008
0.8,0.1,3,3,400,0.8,0.5906902086677368,0.6484751203852327,0.6045112781954888,0.5953488372093023,0.6430868167202572
0.8,0.1,3,5,100,0.4,0.60882800608828,0.654434250764526,0.6020864381520119,0.623718887262079,0.652241112828439
0.8,0.1,3,5,100,0.6,0.6060606060606061,0.656441717791411,0.6084425036390102,0.6185567010309279,0.654320987654321
0.8,0.1,3,5,100,0.8,0.6052227342549923,0.6371951219512195,0.5944363103953147,0.6235294117647059,0.6471494607087828
0.8,0.1,3,5,200,0.4,0.6112852664576802,0.6582278481012658,0.5978755690440061,0.6163141993957704,0.6561014263074485
0.8,0.1,3,5,200,0.6,0.61875,0.6666666666666666,0.6074074074074074,0.5996955859969558,0.650231124807396
0.8,0.1,3,5,200,0.8,0.6099071207430341,0.659375,0.592814371257485,0.6176911544227887,0.6488188976377953
0.8,0.1,3,5,300,0.4,0.609375,0.659270998415214,0.5950920245398773,0.5993975903614458,0.6488188976377953
0.8,0.1,3,5,300,0.6,0.6044303797468354,0.6666666666666666,0.6069802731411229,0.5884146341463414,0.651017214397496
0.8,0.1,3,5,300,0.8,0.6,0.6656101426307448,0.5857359635811836,0.6057838660578386,0.6550079491255962
0.8,0.1,3,5,400,0.4,0.618066561014263,0.6548956661316212,0.5947611710323575,0.6018518518518519,0.6497622820919176
0.8,0.1,3,5,400,0.6,0.6073131955484896,0.6699029126213593,0.6113671274961597,0.593167701863354,0.64375
0.8,0.1,3,5,400,0.8,0.6006389776357828,0.6602254428341385,0.5869894099848714,0.5932721712538226,0.6507177033492823
0.8,0.1,5,1,100,0.4,0.6215780998389694,0.6493506493506493,0.6053042121684867,0.5972434915773354,0.6472491909385113
0.8,0.1,5,1,100,0.6,0.6084142394822006,0.65814696485623,0.6066350710900474,0.6015503875968993,0.6437908496732027
0.8,0.1,5,1,100,0.8,0.6058631921824105,0.6580645161290323,0.6058732612055642,0.6103286384976526,0.6546644844517185
0.8,0.1,5,1,200,0.4,0.6013071895424836,0.642504118616145,0.6151368760064412,0.6046511627906976,0.6312292358803987
0.8,0.1,5,1,200,0.6,0.6016806722689075,0.6633825944170771,0.6061588330632091,0.593900481540931,0.6457990115321252
0.8,0.1,5,1,200,0.8,0.6098807495741057,0.6511627906976745,0.6050955414012739,0.6038961038961039,0.6468646864686468
0.8,0.1,5,1,300,0.4,0.596964586846543,0.6404109589041096,0.6143572621035058,0.596964586846543,0.6279863481228669
0.8,0.1,5,1,300,0.6,0.5847750865051903,0.6441821247892074,0.6056572379367721,0.5752508361204013,0.6275862068965518
0.8,0.1,5,1,300,0.8,0.5880281690140845,0.6344827586206897,0.5960912052117264,0.5993265993265994,0.6450511945392492
0.8,0.1,5,1,400,0.4,0.593103448275862,0.6223776223776224,0.5980066445182725,0.5892547660311959,0.6199649737302977
0.8,0.1,5,1,400,0.6,0.5784832451499118,0.6301369863013698,0.5945945945945946,0.5782312925170068,0.62478184991274
0.8,0.1,5,1,400,0.8,0.5776173285198556,0.6205673758865248,0.5963149078726968,0.5763888888888888,0.6422338568935427
0.8,0.1,5,3,100,0.4,0.6247987117552335,0.6688,0.6153846153846154,0.5897035881435257,0.6437908496732027
0.8,0.1,5,3,100,0.6,0.6233766233766234,0.657051282051282,0.6080246913580247,0.6094946401225115,0.6463022508038585
0.8,0.1,5,3,100,0.8,0.594855305466238,0.6645161290322581,0.6053042121684867,0.6101694915254238,0.6419354838709678
0.8,0.1,5,3,200,0.4,0.5930807248764415,0.6622734761120264,0.6037735849056604,0.5921052631578947,0.6377295492487479
0.8,0.1,5,3,200,0.6,0.5993265993265994,0.6622296173044925,0.6074313408723748,0.6106623586429726,0.6282894736842105
0.8,0.1,5,3,200,0.8,0.5996649916247906,0.6633165829145728,0.6094003241491086,0.6019417475728155,0.6334991708126037
0.8,0.1,5,3,300,0.4,0.5922165820642978,0.6374367622259697,0.6067415730337079,0.5913621262458472,0.6262626262626263
0.8,0.1,5,3,300,0.6,0.5896551724137931,0.6598639455782312,0.6062602965403624,0.5956738768718802,0.611764705882353
0.8,0.1,5,3,300,0.8,0.593103448275862,0.6495726495726496,0.6098360655737705,0.5963149078726968,0.6294416243654822
0.8,0.1,5,3,400,0.4,0.5906735751295337,0.6469565217391304,0.6042003231017771,0.5837479270315091,0.6279863481228669
0.8,0.1,5,3,400,0.6,0.5929824561403508,0.6506849315068494,0.6123128119800333,0.5945945945945946,0.615916955017301
0.8,0.1,5,3,400,0.8,0.5874125874125874,0.6444833625218914,0.6076794657762938,0.5772495755517827,0.6215277777777778
0.8,0.1,5,5,100,0.4,0.6121794871794872,0.6388443017656501,0.6286594761171033,0.6153846153846154,0.6537842190016103
0.8,0.1,5,5,100,0.6,0.6099518459069021,0.6580226904376013,0.6024464831804281,0.6048632218844985,0.6456692913385826
0.8,0.1,5,5,100,0.8,0.6051779935275081,0.6602254428341385,0.5987654320987654,0.615146831530139,0.6462035541195477
0.8,0.1,5,5,200,0.4,0.6052631578947368,0.6567164179104478,0.6263910969793323,0.5958132045088567,0.6312292358803987
0.8,0.1,5,5,200,0.6,0.6075533661740559,0.6633986928104575,0.6025236593059937,0.5996810207336523,0.6181229773462783
0.8,0.1,5,5,200,0.8,0.6003316749585407,0.6677631578947368,0.608,0.5910543130990416,0.6327868852459017
0.8,0.1,5,5,300,0.4,0.5903814262023217,0.6530612244897959,0.6225806451612903,0.592,0.6452702702702703
0.8,0.1,5,5,300,0.6,0.5880398671096345,0.6485568760611206,0.6009693053311793,0.5816993464052288,0.61
0.8,0.1,5,5,300,0.8,0.5918367346938775,0.6554054054054054,0.6111111111111112,0.5924713584288053,0.6303236797274276
0.8,0.1,5,5,400,0.4,0.5900514579759862,0.6394557823129252,0.6003316749585407,0.5878489326765188,0.637137989778535
0.8,0.1,5,5,400,0.6,0.575809199318569,0.6469565217391304,0.6055646481178396,0.593698175787728,0.6185567010309279
0.8,0.1,5,5,400,0.8,0.5846153846153846,0.6321243523316062,0.608130081300813,0.5791245791245792,0.6323024054982818
0.8,0.1,7,1,100,0.4,0.5902777777777778,0.6666666666666666,0.6056572379367721,0.5833333333333334,0.6303236797274276
0.8,0.1,7,1,100,0.6,0.5982608695652174,0.6529209621993127,0.5986622073578596,0.5915966386554622,0.6258503401360545
0.8,0.1,7,1,100,0.8,0.6070175438596491,0.6485568760611206,0.6095551894563427,0.5996705107084019,0.652991452991453
0.8,0.1,7,1,200,0.4,0.5652173913043478,0.6261180679785331,0.6013513513513513,0.5824561403508772,0.5964285714285714
0.8,0.1,7,1,200,0.6,0.5781818181818181,0.6183745583038869,0.6020761245674741,0.5714285714285714,0.599647266313933
0.8,0.1,7,1,200,0.8,0.5714285714285714,0.6206896551724138,0.6108202443280978,0.5906735751295337,0.625
0.8,0.1,7,1,300,0.4,0.5651376146788991,0.6091743119266055,0.6086956521739131,0.5612788632326821,0.5901639344262295
0.8,0.1,7,1,300,0.6,0.5676691729323309,0.6037037037037037,0.574468085106383,0.5667870036101083,0.5865209471766849
0.8,0.1,7,1,300,0.8,0.5576923076923077,0.6148148148148148,0.6088495575221239,0.5836298932384342,0.5992647058823529
0.8,0.1,7,1,400,0.4,0.5358490566037736,0.6114180478821363,0.6129032258064516,0.5672727272727273,0.5762081784386617
0.8,0.1,7,1,400,0.6,0.5610687022900763,0.5746691871455577,0.5952813067150635,0.5447897623400365,0.5830258302583026
0.8,0.1,7,1,400,0.8,0.5525291828793775,0.5988700564971752,0.5985663082437276,0.5745062836624776,0.5977859778597786
0.8,0.1,7,3,100,0.4,0.6169491525423729,0.6734348561759729,0.6106623586429726,0.5923460898502496,0.6387959866220736
0.8,0.1,7,3,100,0.6,0.5922165820642978,0.6486486486486487,0.6118421052631579,0.5930807248764415,0.6212624584717608
0.8,0.1,7,3,100,0.8,0.5982905982905983,0.6621621621621622,0.5930807248764415,0.6106623586429726,0.6397306397306397
0.8,0.1,7,3,200,0.4,0.5981981981981982,0.6422338568935427,0.6085526315789473,0.5719237435008665,0.6153846153846154
0.8,0.1,7,3,200,0.6,0.5886524822695035,0.6223776223776224,0.6006825938566553,0.5714285714285714,0.6020408163265306
0.8,0.1,7,3,200,0.8,0.5796064400715564,0.6267605633802817,0.5982905982905983,0.5827586206896552,0.6204506065857885
0.8,0.1,7,3,300,0.4,0.5775401069518716,0.6197183098591549,0.6003372681281619,0.5709219858156028,0.5894736842105263
0.8,0.1,7,3,300,0.6,0.5776173285198556,0.6061705989110708,0.6042402826855123,0.563922942206655,0.6111111111111112
0.8,0.1,7,3,300,0.8,0.5672727272727273,0.6115107913669064,0.5982608695652174,0.577391304347826,0.6175438596491228
0.8,0.1,7,3,400,0.4,0.5735294117647058,0.6173285198555957,0.6,0.5724508050089445,0.5942028985507246
0.8,0.1,7,3,400,0.6,0.5719489981785064,0.5914972273567468,0.6099290780141844,0.564373897707231,0.6099290780141844
0.8,0.1,7,3,400,0.8,0.5607476635514018,0.5867158671586716,0.599647266313933,0.5799648506151143,0.5963636363636363
0.8,0.1,7,5,100,0.4,0.6006600660066007,0.6509274873524452,0.6067415730337079,0.5955414012738853,0.6357615894039735
0.8,0.1,7,5,100,0.6,0.6057529610829103,0.65,0.6086956521739131,0.5897435897435898,0.6445182724252492
0.8,0.1,7,5,100,0.8,0.6060606060606061,0.6600331674958541,0.5961538461538461,0.6138933764135702,0.6319327731092437
0.8,0.1,7,5,200,0.4,0.6055363321799307,0.6363636363636364,0.6130653266331658,0.5805369127516778,0.6183074265975821
0.8,0.1,7,5,200,0.6,0.5886524822695035,0.6447140381282496,0.6174496644295302,0.5938009787928222,0.6201022146507666
0.8,0.1,7,5,200,0.8,0.6089965397923875,0.6553480475382003,0.6010016694490818,0.6020408163265306,0.6156521739130435
0.8,0.1,7,5,300,0.4,0.5919439579684763,0.629757785467128,0.6172006745362564,0.5829145728643216,0.6083916083916084
0.8,0.1,7,5,300,0.6,0.5846702317290553,0.6272401433691757,0.6103448275862069,0.58,0.6080843585237259
0.8,0.1,7,5,300,0.8,0.5865724381625441,0.6276595744680851,0.5956006768189509,0.5866209262435678,0.6021505376344086
0.8,0.1,7,5,400,0.4,0.5789473684210527,0.6172839506172839,0.6177474402730375,0.5826235093696763,0.6219081272084805
0.8,0.1,7,5,400,0.6,0.5952813067150635,0.6211849192100538,0.6044905008635578,0.5656565656565656,0.6017699115044248
0.8,0.1,7,5,400,0.8,0.5745062836624776,0.6167883211678832,0.5952380952380952,0.5729349736379613,0.590990990990991
1.0,0.01,3,1,100,0.4,0.5982404692082112,0.6334310850439883,0.61212976022567,0.6225352112676056,0.662613981762918
1.0,0.01,3,1,100,0.6,0.5985185185185186,0.6334310850439883,0.6162464985994398,0.6166902404526167,0.6615853658536586
1.0,0.01,3,1,100,0.8,0.6,0.6352941176470588,0.6145251396648045,0.6177715091678421,0.6615620214395099
1.0,0.01,3,1,200,0.4,0.6,0.64,0.6099290780141844,0.624113475177305,0.6636225266362252
1.0,0.01,3,1,200,0.6,0.6008836524300442,0.6440177252584933,0.6099290780141844,0.6267806267806267,0.6595744680851063
1.0,0.01,3,1,200,0.8,0.5988200589970502,0.642962962962963,0.6047819971870605,0.6225352112676056,0.6565349544072948
1.0,0.01,3,1,300,0.4,0.6050670640834576,0.6458333333333334,0.60431654676259,0.6284074605451937,0.6585365853658537
1.0,0.01,3,1,300,0.6,0.6074074074074074,0.6478454680534919,0.603988603988604,0.6275071633237822,0.6625766871165644
1.0,0.01,3,1,300,0.8,0.5976331360946746,0.6488888888888888,0.6079545454545454,0.6221590909090909,0.6646341463414634
1.0,0.01,3,1,400,0.4,0.6006006006006006,0.648729446935725,0.6069364161849711,0.6229985443959243,0.6563944530046225
1.0,0.01,3,1,400,0.6,0.606508875739645,0.6467065868263473,0.6037195994277539,0.6260869565217392,0.6543778801843319
1.0,0.01,3,1,400,0.8,0.600297176820208,0.6507462686567164,0.6011396011396012,0.6187050359712231,0.6615146831530139
1.0,0.01,3,3,100,0.4,0.5973645680819912,0.6334310850439883,0.61212976022567,0.6225352112676056,0.662613981762918
1.0,0.01,3,3,100,0.6,0.5985185185185186,0.6343612334801763,0.6162464985994398,0.6166902404526167,0.6615853658536586
1.0,0.01,3,3,100,0.8,0.6,0.6352941176470588,0.6145251396648045,0.6177715091678421,0.6615620214395099
1.0,0.01,3,3,200,0.4,0.6,0.64,0.6099290780141844,0.624113475177305,0.662613981762918
1.0,0.01,3,3,200,0.6,0.6008836524300442,0.6440177252584933,0.6107954545454546,0.6267806267806267,0.6595744680851063
1.0,0.01,3,3,200,0.8,0.5988200589970502,0.642962962962963,0.6047819971870605,0.6225352112676056,0.6565349544072948
1.0,0.01,3,3,300,0.4,0.6041666666666666,0.646795827123696,0.6028571428571429,0.6284074605451937,0.6575342465753424
1.0,0.01,3,3,300,0.6,0.6083086053412463,0.6488095238095238,0.603988603988604,0.6266094420600858,0.6625766871165644
1.0,0.01,3,3,300,0.8,0.599406528189911,0.6468842729970327,0.6051136363636364,0.6221590909090909,0.6646341463414634
1.0,0.01,3,3,400,0.4,0.6045112781954888,0.6536731634182908,0.6069364161849711,0.6240928882438317,0.6574074074074074
1.0,0.01,3,3,400,0.6,0.6044444444444445,0.648729446935725,0.6057142857142858,0.625,0.6574500768049155
1.0,0.01,3,3,400,0.8,0.5961251862891207,0.6507462686567164,0.603988603988604,0.6187050359712231,0.6594761171032357
1.0,0.01,3,5,100,0.4,0.5991189427312775,0.631578947368421,0.61212976022567,0.6225352112676056,0.662613981762918
1.0,0.01,3,5,100,0.6,0.5985185185185186,0.6343612334801763,0.6162464985994398,0.6166902404526167,0.6615853658536586
1.0,0.01,3,5,100,0.8,0.6,0.6352941176470588,0.6145251396648045,0.6177715091678421,0.6615620214395099
1.0,0.01,3,5,200,0.4,0.5991189427312775,0.6440177252584933,0.6118980169971672,0.624113475177305,0.661608497723824
1.0,0.01,3,5,200,0.6,0.6008836524300442,0.6440177252584933,0.6099290780141844,0.6267806267806267,0.6595744680851063
1.0,0.01,3,5,200,0.8,0.5979381443298969,0.642962962962963,0.6047819971870605,0.6225352112676056,0.6565349544072948
1.0,0.01,3,5,300,0.4,0.6041666666666666,0.6488888888888888,0.6065808297567954,0.6294706723891274,0.654434250764526
1.0,0.01,3,5,300,0.6,0.6083086053412463,0.6468842729970327,0.6051136363636364,0.6284074605451937,0.6615620214395099
1.0,0.01,3,5,300,0.8,0.5985185185185186,0.6449704142011834,0.6059743954480796,0.6230440967283073,0.6646341463414634
1.0,0.01,3,5,400,0.4,0.5997001499250375,0.6497764530551415,0.6098265895953757,0.6231884057971014,0.6574074074074074
1.0,0.01,3,5,400,0.6,0.6056129985228951,0.648729446935725,0.6068376068376068,0.6240928882438317,0.6595092024539877
1.0,0.01,3,5,400,0.8,0.5919282511210763,0.6527570789865872,0.6070921985815603,0.6187050359712231,0.6584615384615384
1.0,0.01,5,1,100,0.4,0.6073619631901841,0.649390243902439,0.6176911544227887,0.624813153961136,0.6507936507936508
1.0,0.01,5,1,100,0.6,0.5987841945288754,0.6444780635400907,0.6085672082717873,0.6181277860326895,0.6613924050632911
1.0,0.01,5,1,100,0.8,0.601526717557252,0.6393939393939394,0.6169590643274854,0.6146926536731634,0.6551181102362205
1.0,0.01,5,1,200,0.4,0.6021840873634945,0.6511627906976745,0.6077844311377245,0.6102719033232629,0.6561014263074485
1.0,0.01,5,1,200,0.6,0.6120556414219475,0.647239263803681,0.6074074074074074,0.6075187969924812,0.6593059936908517
1.0,0.01,5,1,200,0.8,0.6068111455108359,0.6411042944785276,0.6135693215339233,0.6119402985074627,0.660377358490566
1.0,0.01,5,1,300,0.4,0.6009389671361502,0.6583463338533542,0.6135338345864662,0.6160849772382397,0.652931854199683
1.0,0.01,5,1,300,0.6,0.6141975308641975,0.6450617283950617,0.6101190476190477,0.60790273556231,0.6551181102362205
1.0,0.01,5,1,300,0.8,0.6043613707165109,0.6491499227202473,0.6112759643916914,0.6132930513595166,0.6593059936908517
1.0,0.01,5,1,400,0.4,0.6097946287519748,0.6624605678233438,0.6100151745068285,0.6170212765957447,0.652931854199683
1.0,0.01,5,1,400,0.6,0.6224328593996841,0.6531881804043546,0.6077844311377245,0.60790273556231,0.6550632911392406
1.0,0.01,5,1,400,0.8,0.6059654631083202,0.6490683229813664,0.6176911544227887,0.608433734939759,0.6561014263074485
1.0,0.01,5,3,100,0.4,0.6061538461538462,0.6493108728943339,0.6184012066365008,0.6231454005934718,0.6550632911392406
1.0,0.01,5,3,100,0.6,0.6009104704097117,0.6465256797583081,0.6106194690265486,0.623688155922039,0.6518282988871225
1.0,0.01,5,3,100,0.8,0.60790273556231,0.6395173453996983,0.6129032258064516,0.6146926536731634,0.6520376175548589
1.0,0.01,5,3,200,0.4,0.6071987480438185,0.6471494607087828,0.6116941529235382,0.6181818181818182,0.6592356687898089
1.0,0.01,5,3,200,0.6,0.6080246913580247,0.6493108728943339,0.6074074074074074,0.6163141993957704,0.6571879936808847
1.0,0.01,5,3,200,0.8,0.6123076923076923,0.6452599388379205,0.6124260355029586,0.6119402985074627,0.6593406593406593
1.0,0.01,5,3,300,0.4,0.6028257456828885,0.6531881804043546,0.6146926536731634,0.6172465960665658,0.6561014263074485
1.0,0.01,5,3,300,0.6,0.6111111111111112,0.6428571428571429,0.6094674556213018,0.6100151745068285,0.6551181102362205
1.0,0.01,5,3,300,0.8,0.608424336973479,0.6481481481481481,0.6142433234421365,0.6132930513595166,0.6540284360189573
1.0,0.01,5,3,400,0.4,0.6124401913875598,0.6666666666666666,0.6132930513595166,0.6170212765957447,0.6518282988871225
1.0,0.01,5,3,400,0.6,0.6246056782334385,0.65,0.6036036036036037,0.6072507552870091,0.6540284360189573
1.0,0.01,5,3,400,0.8,0.6141732283464567,0.647887323943662,0.6176911544227887,0.6075187969924812,0.6550632911392406
1.0,0.01,5,5,100,0.4,0.6057838660578386,0.6442748091603053,0.6186186186186187,0.6279761904761905,0.6603174603174603
1.0,0.01,5,5,100,0.6,0.6063348416289592,0.6444780635400907,0.6115214180206795,0.6218236173393124,0.6509433962264151
1.0,0.01,5,5,100,0.8,0.6009104704097117,0.6435045317220544,0.6138032305433186,0.6158445440956651,0.651017214397496
1.0,0.01,5,5,200,0.4,0.6015503875968993,0.6501547987616099,0.6126126126126126,0.6204819277108434,0.6634920634920635
1.0,0.01,5,5,200,0.6,0.6141975308641975,0.6483180428134556,0.6056129985228951,0.6227544910179641,0.6541471048513302
1.0,0.01,5,5,200,0.8,0.6134969325153374,0.6462480857580398,0.6085672082717873,0.6140089418777943,0.65625
1.0,0.01,5,5,300,0.4,0.603125,0.6511627906976745,0.6186186186186187,0.6184012066365008,0.6635071090047393
1.0,0.01,5,5,300,0.6,0.6123076923076923,0.6459627329192547,0.6041666666666666,0.6063348416289592,0.6551724137931034
1.0,0.01,5,5,300,0.8,0.6137071651090342,0.6482334869431644,0.6106194690265486,0.6102719033232629,0.6540880503144654
1.0,0.01,5,5,400,0.4,0.6075949367088608,0.6624803767660911,0.6096096096096096,0.6163141993957704,0.6561514195583596
1.0,0.01,5,5,400,0.6,0.6132075471698113,0.65625,0.6026986506746627,0.6069802731411229,0.6540880503144654
1.0,0.01,5,5,400,0.8,0.6132075471698113,0.6500777604976672,0.6158445440956651,0.6130500758725341,0.6561514195583596
1.0,0.01,7,1,100,0.4,0.6161449752883031,0.6558441558441559,0.6214511041009464,0.616822429906542,0.6501650165016502
1.0,0.01,7,1,100,0.6,0.6276422764227643,0.6466876971608833,0.6149068322981367,0.6175548589341693,0.6513911620294599
1.0,0.01,7,1,100,0.8,0.6064516129032258,0.6552262090483619,0.6160990712074303,0.6132075471698113,0.6526655896607432
1.0,0.01,7,1,200,0.4,0.6204620462046204,0.6688417618270799,0.6124401913875598,0.6192733017377567,0.6435643564356436
1.0,0.01,7,1,200,0.6,0.6286644951140065,0.6548956661316212,0.609375,0.6148969889064976,0.6468646864686468
1.0,0.01,7,1,200,0.8,0.6141215106732348,0.6602564102564102,0.6130030959752322,0.6236220472440945,0.6524590163934426
1.0,0.01,7,1,300,0.4,0.6125827814569537,0.6644844517184942,0.6156299840510366,0.6230031948881789,0.6490066225165563
1.0,0.01,7,1,300,0.6,0.6227347611202636,0.6688311688311688,0.6056782334384858,0.618066561014263,0.6457990115321252
1.0,0.01,7,1,300,0.8,0.6049586776859505,0.6634460547504025,0.618066561014263,0.6194968553459119,0.6490939044481054
1.0,0.01,7,1,400,0.4,0.6153846153846154,0.6710743801652893,0.6235864297253635,0.6201298701298701,0.64
1.0,0.01,7,1,400,0.6,0.6110183639398998,0.6710526315789473,0.6131621187800963,0.6208,0.6500829187396352
1.0,0.01,7,1,400,0.8,0.6006711409395973,0.6644951140065146,0.6116504854368932,0.6263910969793323,0.6389351081530782
1.0,0.01,7,3,100,0.4,0.6111111111111112,0.6484751203852327,0.63125,0.6206896551724138,0.6546052631578947
1.0,0.01,7,3,100,0.6,0.622792937399679,0.6455696202531646,0.6125,0.6191950464396285,0.6523887973640856
1.0,0.01,7,3,100,0.8,0.6191247974068071,0.6448598130841121,0.6101694915254238,0.6236559139784946,0.6527331189710611
1.0,0.01,7,3,200,0.4,0.6161449752883031,0.6623586429725363,0.6153846153846154,0.6126984126984127,0.6568627450980392
1.0,0.01,7,3,200,0.6,0.6295081967213115,0.6592356687898089,0.60625,0.6153846153846154,0.6415711947626841
1.0,0.01,7,3,200,0.8,0.6178861788617886,0.65814696485623,0.616822429906542,0.6263565891472869,0.6579804560260586
1.0,0.01,7,3,300,0.4,0.609271523178808,0.6666666666666666,0.6139240506329114,0.6141732283464567,0.6470588235294118
1.0,0.01,7,3,300,0.6,0.6189683860232945,0.6548956661316212,0.6069182389937107,0.6125,0.6414473684210527
1.0,0.01,7,3,300,0.8,0.6156405990016639,0.656957928802589,0.6146645865834633,0.62402496099844,0.6392092257001647
1.0,0.01,7,3,400,0.4,0.6023294509151415,0.6589785831960461,0.6178343949044586,0.6095238095238096,0.6470588235294118
1.0,0.01,7,3,400,0.6,0.6143572621035058,0.6633986928104575,0.60828025477707,0.6206896551724138,0.6402640264026402
1.0,0.01,7,3,400,0.8,0.6053511705685619,0.6579804560260586,0.6141732283464567,0.6238244514106583,0.6390728476821192
1.0,0.01,7,5,100,0.4,0.6077170418006431,0.6486486486486487,0.6296296296296297,0.6144393241167435,0.6535303776683087
1.0,0.01,7,5,100,0.6,0.6188197767145136,0.6509433962264151,0.6175115207373272,0.616793893129771,0.6439024390243903
1.0,0.01,7,5,100,0.8,0.6163723916532905,0.6469673405909798,0.6186830015313936,0.633693972179289,0.6514657980456026
1.0,0.01,7,5,200,0.4,0.6116504854368932,0.6591639871382636,0.6203703703703703,0.6118012422360248,0.6589785831960461
1.0,0.01,7,5,200,0.6,0.6213592233009708,0.6518282988871225,0.6058732612055642,0.6180124223602484,0.6462035541195477
1.0,0.01,7,5,200,0.8,0.617363344051447,0.660347551342812,0.6160990712074303,0.6253869969040248,0.6437908496732027
1.0,0.01,7,5,300,0.4,0.6084142394822006,0.6645161290322581,0.6158631415241057,0.609642301710731,0.6546644844517185
1.0,0.01,7,5,300,0.6,0.6131147540983607,0.657051282051282,0.6034214618973561,0.6199376947040498,0.6472491909385113
1.0,0.01,7,5,300,0.8,0.6143790849673203,0.6624203821656051,0.6180124223602484,0.6273291925465838,0.6448445171849427
1.0,0.01,7,5,400,0.4,0.6042692939244664,0.67430441898527,0.6127527216174183,0.6134585289514867,0.6493506493506493
1.0,0.01,7,5,400,0.6,0.6079734219269103,0.6710310965630114,0.6050156739811913,0.6115444617784711,0.6481178396072013
1.0,0.01,7,5,400,0.8,0.6072607260726073,0.6645264847512039,0.6081504702194357,0.6263565891472869,0.639344262295082
1.0,0.05,3,1,100,0.4,0.6045801526717557,0.6515837104072398,0.6083213773314203,0.6182873730043541,0.6656346749226006
1.0,0.05,3,1,100,0.6,0.6042296072507553,0.6497005988023952,0.6002886002886003,0.6102189781021898,0.656298600311042
1.0,0.05,3,1,100,0.8,0.5880597014925373,0.6486486486486487,0.6031294452347084,0.6200873362445415,0.6574923547400612
1.0,0.05,3,1,200,0.4,0.6158631415241057,0.6492307692307693,0.6115214180206795,0.6094674556213018,0.6656346749226006
1.0,0.05,3,1,200,0.6,0.6137071651090342,0.6482334869431644,0.6094674556213018,0.6231454005934718,0.6503067484662577
1.0,0.05,3,1,200,0.8,0.6043613707165109,0.650381679389313,0.5982658959537572,0.6158357771260997,0.6615620214395099
1.0,0.05,3,1,300,0.4,0.6180124223602484,0.6552262090483619,0.600297176820208,0.6054216867469879,0.6574074074074074
1.0,0.05,3,1,300,0.6,0.6108527131782946,0.6614664586583463,0.6008836524300442,0.6149253731343284,0.656298600311042
1.0,0.05,3,1,300,0.8,0.5990639625585024,0.6542635658914728,0.6047197640117994,0.6201780415430267,0.6583850931677019
1.0,0.05,3,1,400,0.4,0.610062893081761,0.6572327044025157,0.5903614457831325,0.5990922844175491,0.6509433962264151
1.0,0.05,3,1,400,0.6,0.6110236220472441,0.6635071090047393,0.6077844311377245,0.6038863976083707,0.6530612244897959
1.0,0.05,3,1,400,0.8,0.5962145110410094,0.658307210031348,0.5925925925925926,0.6080476900149031,0.6519685039370079
1.0,0.05,3,3,100,0.4,0.6027397260273972,0.6515837104072398,0.6071942446043166,0.6198830409356725,0.6646058732612056
1.0,0.05,3,3,100,0.6,0.6069802731411229,0.6526946107784432,0.6017441860465116,0.60932944606414,0.6584234930448223
1.0,0.05,3,3,100,0.8,0.5967016491754122,0.6486486486486487,0.601418439716312,0.6144927536231884,0.6523076923076923
1.0,0.05,3,3,200,0.4,0.6160990712074303,0.650231124807396,0.6106194690265486,0.6184012066365008,0.6738794435857806
1.0,0.05,3,3,200,0.6,0.6139534883720931,0.6524390243902439,0.6067746686303387,0.6174298375184638,0.6523736600306279
1.0,0.05,3,3,200,0.8,0.6118012422360248,0.6503067484662577,0.5965417867435159,0.6217008797653959,0.6574500768049155
1.0,0.05,3,3,300,0.4,0.6115444617784711,0.6531881804043546,0.606508875739645,0.616793893129771,0.652241112828439
1.0,0.05,3,3,300,0.6,0.6053042121684867,0.6521739130434783,0.5997045790251108,0.6094674556213018,0.6594761171032357
1.0,0.05,3,3,300,0.8,0.6069182389937107,0.6542056074766355,0.5991189427312775,0.616519174041298,0.65625
1.0,0.05,3,3,400,0.4,0.6108527131782946,0.6519685039370079,0.5912518853695324,0.6024096385542169,0.660377358490566
1.0,0.05,3,3,400,0.6,0.609105180533752,0.6582278481012658,0.5967016491754122,0.600896860986547,0.6458658346333853
1.0,0.05,3,3,400,0.8,0.5984251968503937,0.6624803767660911,0.6005917159763313,0.6050670640834576,0.6551181102362205
1.0,0.05,3,5,100,0.4,0.6057838660578386,0.6475903614457831,0.6005747126436781,0.6171761280931587,0.6656346749226006
1.0,0.05,3,5,100,0.6,0.6067073170731707,0.6536731634182908,0.60431654676259,0.6122448979591837,0.6523736600306279
1.0,0.05,3,5,100,0.8,0.5919282511210763,0.6515837104072398,0.5982905982905983,0.622093023255814,0.6574500768049155
1.0,0.05,3,5,200,0.4,0.6141975308641975,0.6512345679012346,0.5956204379562043,0.6110283159463488,0.6645962732919255
1.0,0.05,3,5,200,0.6,0.6120556414219475,0.6635802469135802,0.6070381231671554,0.6115214180206795,0.654320987654321
1.0,0.05,3,5,200,0.8,0.6058732612055642,0.6584992343032159,0.5985611510791367,0.6228070175438597,0.6533742331288344
1.0,0.05,3,5,300,0.4,0.6199376947040498,0.65527950310559,0.5985185185185186,0.6123680241327301,0.6481481481481481
1.0,0.05,3,5,300,0.6,0.60625,0.6552262090483619,0.6029411764705882,0.6083086053412463,0.6583850931677019
1.0,0.05,3,5,300,0.8,0.6034214618973561,0.656298600311042,0.6029411764705882,0.6162962962962963,0.6594090202177294
1.0,0.05,3,5,400,0.4,0.6257861635220126,0.6603174603174603,0.5912518853695324,0.6017964071856288,0.65527950310559
1.0,0.05,3,5,400,0.6,0.6047244094488189,0.6572327044025157,0.5973254086181278,0.6011904761904762,0.6541471048513302
1.0,0.05,3,5,400,0.8,0.6018808777429467,0.6614173228346457,0.6005917159763313,0.6045112781954888,0.6635220125786163
1.0,0.05,5,1,100,0.4,0.6119162640901772,0.6496815286624203,0.6072507552870091,0.6225563909774436,0.6475279106858054
1.0,0.05,5,1,100,0.6,0.6132075471698113,0.6500777604976672,0.6060606060606061,0.6057838660578386,0.6581059390048154
1.0,0.05,5,1,100,0.8,0.608,0.6551181102362205,0.6101190476190477,0.6234567901234568,0.6507936507936508
1.0,0.05,5,1,200,0.4,0.6085526315789473,0.6677524429967426,0.6139534883720931,0.6136724960254372,0.6515397082658023
1.0,0.05,5,1,200,0.6,0.608130081300813,0.6612903225806451,0.6049382716049383,0.610062893081761,0.6384364820846905
1.0,0.05,5,1,200,0.8,0.6125827814569537,0.6655896607431341,0.6105919003115264,0.6212361331220285,0.6459016393442623
1.0,0.05,5,1,300,0.4,0.5990016638935108,0.67,0.6057692307692307,0.6206896551724138,0.6371100164203612
1.0,0.05,5,1,300,0.6,0.5970149253731343,0.6633663366336634,0.5980707395498392,0.6003210272873194,0.6381578947368421
1.0,0.05,5,1,300,0.8,0.5925925925925926,0.6655518394648829,0.5956112852664577,0.6141479099678456,0.6411960132890365
1.0,0.05,5,1,400,0.4,0.6038394415357766,0.6677852348993288,0.5996758508914101,0.6194398682042833,0.6342281879194631
1.0,0.05,5,1,400,0.6,0.5854483925549916,0.6521008403361345,0.5970636215334421,0.5944170771756979,0.6533333333333333
1.0,0.05,5,1,400,0.8,0.5870307167235495,0.6644295302013423,0.6006389776357828,0.6163934426229508,0.6298157453936348
1.0,0.05,5,3,100,0.4,0.6220095693779905,0.6537842190016103,0.6107784431137725,0.6165413533834586,0.6455696202531646
1.0,0.05,5,3,100,0.6,0.6192733017377567,0.653125,0.6045112781954888,0.6104294478527608,0.6602870813397129
1.0,0.05,5,3,100,0.8,0.6124401913875598,0.6521060842433697,0.6102719033232629,0.6179604261796042,0.6540284360189573
1.0,0.05,5,3,200,0.4,0.6088379705400983,0.6556291390728477,0.6012461059190031,0.6103286384976526,0.6472491909385113
1.0,0.05,5,3,200,0.6,0.6067415730337079,0.657051282051282,0.6158631415241057,0.6105919003115264,0.6405228758169934
1.0,0.05,5,3,200,0.8,0.608130081300813,0.6763285024154589,0.6065318818040435,0.6105919003115264,0.6463022508038585
1.0,0.05,5,3,300,0.4,0.6088379705400983,0.6567656765676567,0.6192733017377567,0.6061588330632091,0.6341463414634146
1.0,0.05,5,3,300,0.6,0.6019736842105263,0.6612111292962357,0.6132075471698113,0.6166134185303515,0.6435643564356436
1.0,0.05,5,3,300,0.8,0.6039603960396039,0.6732348111658456,0.5990491283676703,0.6104928457869634,0.640650406504065
1.0,0.05,5,3,400,0.4,0.6016806722689075,0.67003367003367,0.6067415730337079,0.6084142394822006,0.626465661641541
1.0,0.05,5,3,400,0.6,0.5915966386554622,0.6532663316582915,0.6035313001605136,0.6161290322580645,0.6390728476821192
1.0,0.05,5,3,400,0.8,0.6023688663282571,0.6622296173044925,0.6048,0.6113821138211382,0.6347107438016529
1.0,0.05,5,5,100,0.4,0.6178343949044586,0.6613924050632911,0.6014814814814815,0.6071428571428571,0.6499215070643642
1.0,0.05,5,5,100,0.6,0.6156299840510366,0.65625,0.6047904191616766,0.6179604261796042,0.653968253968254
1.0,0.05,5,5,100,0.8,0.6053882725832013,0.6562009419152276,0.6059701492537314,0.6189024390243902,0.6539074960127592
1.0,0.05,5,5,200,0.4,0.5954692556634305,0.6600985221674877,0.6082949308755761,0.6214511041009464,0.6581059390048154
1.0,0.05,5,5,200,0.6,0.6151368760064412,0.6710097719869706,0.6182380216383307,0.6040688575899843,0.6504854368932039
1.0,0.05,5,5,200,0.8,0.6042003231017771,0.6730769230769231,0.6040061633281972,0.60625,0.6443381180223285
1.0,0.05,5,5,300,0.4,0.5951219512195122,0.6600660066006601,0.6034214618973561,0.6126984126984127,0.6366559485530546
1.0,0.05,5,5,300,0.6,0.6006389776357828,0.66996699669967,0.6118012422360248,0.6038338658146964,0.6416938110749185
1.0,0.05,5,5,300,0.8,0.6045751633986928,0.6818181818181818,0.6047244094488189,0.6,0.6310679611650486
1.0,0.05,5,5,400,0.4,0.6020066889632107,0.6621848739495798,0.5933014354066986,0.6161290322580645,0.636215334420881
1.0,0.05,5,5,400,0.6,0.6052631578947368,0.667779632721202,0.6124401913875598,0.6019108280254777,0.6436781609195402
1.0,0.05,5,5,400,0.8,0.6026490066225165,0.6743801652892562,0.6067415730337079,0.6111111111111112,0.630718954248366
1.0,0.05,7,1,100,0.4,0.6132879045996593,0.6644182124789207,0.6254071661237784,0.6188925081433225,0.6469622331691297
1.0,0.05,7,1,100,0.6,0.6174496644295302,0.6611295681063123,0.6178343949044586,0.6151368760064412,0.6444073455759599
1.0,0.05,7,1,100,0.8,0.6033333333333334,0.6500829187396352,0.6104928457869634,0.6151368760064412,0.6368159203980099
1.0,0.05,7,1,200,0.4,0.6010544815465729,0.658578856152513,0.6216216216216216,0.6101694915254238,0.6429780033840947
1.0,0.05,7,1,200,0.6,0.6010362694300518,0.6473594548551959,0.6009852216748769,0.5843071786310517,0.6495726495726496
1.0,0.05,7,1,200,0.8,0.5989492119089317,0.6470588235294118,0.6120401337792643,0.5986622073578596,0.6362098138747885
1.0,0.05,7,1,300,0.4,0.5899280575539568,0.6417112299465241,0.6190476190476191,0.6070175438596491,0.6366782006920415
1.0,0.05,7,1,300,0.6,0.6,0.6267605633802817,0.6109215017064846,0.5831903945111492,0.6328671328671329
1.0,0.05,7,1,300,0.8,0.5750452079566004,0.6312056737588653,0.610051993067591,0.5896551724137931,0.6219081272084805
1.0,0.05,7,1,400,0.4,0.5897435897435898,0.6114180478821363,0.6135181975736569,0.5901060070671378,0.6325088339222615
1.0,0.05,7,1,400,0.6,0.5767097966728281,0.629695885509839,0.6132404181184669,0.564373897707231,0.6187050359712231
1.0,0.05,7,1,400,0.8,0.5656192236598891,0.6290909090909091,0.6199649737302977,0.5843478260869566,0.6137184115523465
1.0,0.05,7,3,100,0.4,0.6056572379367721,0.6589785831960461,0.6225806451612903,0.6302250803858521,0.6459016393442623
1.0,0.05,7,3,100,0.6,0.6076794657762938,0.6546644844517185,0.5965463108320251,0.6134585289514867,0.6513911620294599
1.0,0.05,7,3,100,0.8,0.6105610561056105,0.6525285481239804,0.6220095693779905,0.6156299840510366,0.6293245469522241
1.0,0.05,7,3,200,0.4,0.5958904109589042,0.6551724137931034,0.6146179401993356,0.631404958677686,0.6432160804020101
1.0,0.05,7,3,200,0.6,0.5969125214408233,0.6565143824027073,0.5935483870967742,0.5907590759075908,0.6452702702702703
1.0,0.05,7,3,200,0.8,0.6106346483704974,0.66,0.6098360655737705,0.6108374384236454,0.6281833616298812
1.0,0.05,7,3,300,0.4,0.5886402753872634,0.6424870466321243,0.603648424543947,0.6112054329371817,0.6188034188034188
1.0,0.05,7,3,300,0.6,0.5868055555555556,0.6301369863013698,0.6181818181818182,0.5858585858585859,0.6470588235294118
1.0,0.05,7,3,300,0.8,0.5861456483126111,0.6483704974271012,0.6153846153846154,0.5864406779661017,0.6228373702422145
1.0,0.05,7,3,400,0.4,0.5949820788530465,0.6350877192982456,0.6076794657762938,0.5996592844974447,0.6199649737302977
1.0,0.05,7,3,400,0.6,0.5729537366548043,0.6308492201039861,0.6239460370994941,0.5738539898132428,0.6411149825783972
1.0,0.05,7,3,400,0.8,0.588021778584392,0.6365217391304347,0.6138279932546374,0.5763888888888888,0.6300884955752213
1.0,0.05,7,5,100,0.4,0.6009852216748769,0.6611842105263158,0.6112852664576802,0.6043613707165109,0.6612377850162866
1.0,0.05,7,5,100,0.6,0.6115702479338843,0.6601941747572816,0.608424336973479,0.6112852664576802,0.6515397082658023
1.0,0.05,7,5,100,0.8,0.6020066889632107,0.6677740863787376,0.618066561014263,0.624405705229794,0.6348684210526315
1.0,0.05,7,5,200,0.4,0.587248322147651,0.6632996632996633,0.6126418152350082,0.6029654036243822,0.6555183946488294
1.0,0.05,7,5,200,0.6,0.603648424543947,0.6555183946488294,0.6089743589743589,0.5958132045088567,0.6413223140495867
1.0,0.05,7,5,200,0.8,0.6081081081081081,0.6722689075630253,0.5993589743589743,0.6133768352365416,0.6343906510851419
1.0,0.05,7,5,300,0.4,0.5868465430016864,0.6598984771573604,0.6123128119800333,0.6069651741293532,0.6408094435075885
1.0,0.05,7,5,300,0.6,0.6054421768707483,0.6438356164383562,0.6156405990016639,0.5963756177924218,0.6179966044142614
1.0,0.05,7,5,300,0.8,0.5933682373472949,0.657487091222031,0.6046511627906976,0.6026936026936027,0.6231155778894473
1.0,0.05,7,5,400,0.4,0.5920826161790017,0.6539792387543253,0.6125211505922166,0.6047297297297297,0.6312178387650086
1.0,0.05,7,5,400,0.6,0.6031195840554593,0.6304728546409807,0.6094276094276094,0.5902192242833052,0.6137931034482759
1.0,0.05,7,5,400,0.8,0.5901060070671378,0.6409807355516638,0.6135986733001658,0.5942275042444821,0.6241379310344828
1.0,0.1,3,1,100,0.4,0.6105919003115264,0.6594090202177294,0.6068759342301944,0.6156111929307806,0.6604651162790698
1.0,0.1,3,1,100,0.6,0.6128048780487805,0.6492307692307693,0.6061493411420205,0.6005830903790087,0.6584234930448223
1.0,0.1,3,1,100,0.8,0.5978428351309707,0.647239263803681,0.6086956521739131,0.6144756277695717,0.6615146831530139
1.0,0.1,3,1,200,0.4,0.6034755134281201,0.6496815286624203,0.6093514328808446,0.5967016491754122,0.6519685039370079
1.0,0.1,3,1,200,0.6,0.6177847113884556,0.6666666666666666,0.6020864381520119,0.5988023952095808,0.6594427244582043
1.0,0.1,3,1,200,0.8,0.6056782334384858,0.659375,0.6026986506746627,0.6015037593984962,0.64576802507837
1.0,0.1,3,1,300,0.4,0.6016,0.6496815286624203,0.6146788990825688,0.5948406676783005,0.6455696202531646
1.0,0.1,3,1,300,0.6,0.6028257456828885,0.6548387096774193,0.6009104704097117,0.5945121951219512,0.6624605678233438
1.0,0.1,3,1,300,0.8,0.5962145110410094,0.6645264847512039,0.5915915915915916,0.5950920245398773,0.65
1.0,0.1,3,1,400,0.4,0.6029173419773096,0.6547811993517018,0.6052227342549923,0.599388379204893,0.6559485530546624
1.0,0.1,3,1,400,0.6,0.6129541864139021,0.6504065040650406,0.6033690658499234,0.5962732919254659,0.6507177033492823
1.0,0.1,3,1,400,0.8,0.5897435897435898,0.6505636070853462,0.5969230769230769,0.5925925925925926,0.6357827476038339
1.0,0.1,3,3,100,0.4,0.613251155624037,0.6542635658914728,0.6092124814264487,0.6179104477611941,0.6533742331288344
1.0,0.1,3,3,100,0.6,0.6116207951070336,0.6459627329192547,0.6046511627906976,0.6081871345029239,0.6707882534775889
1.0,0.1,3,3,100,0.8,0.6108527131782946,0.6493108728943339,0.6037735849056604,0.6174298375184638,0.6635514018691588
1.0,0.1,3,3,200,0.4,0.6034214618973561,0.6677215189873418,0.6038863976083707,0.5996955859969558,0.6490683229813664
1.0,0.1,3,3,200,0.6,0.6146645865834633,0.6518987341772152,0.5982404692082112,0.5937031484257871,0.6677067082683308
1.0,0.1,3,3,200,0.8,0.6088328075709779,0.6604938271604939,0.5925925925925926,0.6066066066066066,0.64375
1.0,0.1,3,3,300,0.4,0.6021840873634945,0.6613672496025437,0.6151515151515151,0.6015503875968993,0.640746500777605
1.0,0.1,3,3,300,0.6,0.6066350710900474,0.6528662420382165,0.6042296072507553,0.600924499229584,0.6562009419152276
1.0,0.1,3,3,300,0.8,0.5968253968253968,0.6624203821656051,0.5937031484257871,0.6012269938650306,0.6403785488958991
1.0,0.1,3,3,400,0.4,0.6034755134281201,0.6699029126213593,0.6094946401225115,0.6024844720496895,0.6487341772151899
1.0,0.1,3,3,400,0.6,0.6075949367088608,0.6506410256410257,0.6003062787136294,0.6006191950464397,0.6465927099841522
1.0,0.1,3,3,400,0.8,0.5945072697899838,0.6497622820919176,0.5963302752293578,0.5864197530864198,0.6299212598425197
1.0,0.1,3,5,100,0.4,0.6082949308755761,0.6513761467889908,0.5982142857142857,0.6185567010309279,0.6573643410852713
1.0,0.1,3,5,100,0.6,0.6097560975609756,0.6585365853658537,0.6088235294117647,0.6106194690265486,0.6584615384615384
1.0,0.1,3,5,100,0.8,0.6061538461538462,0.6453576864535768,0.6095791001451378,0.6185567010309279,0.6594761171032357
1.0,0.1,3,5,200,0.4,0.5940902021772939,0.653968253968254,0.5967016491754122,0.6033182503770739,0.6436420722135008
1.0,0.1,3,5,200,0.6,0.6191950464396285,0.660347551342812,0.6047904191616766,0.5981873111782477,0.6614664586583463
1.0,0.1,3,5,200,0.8,0.60625,0.6625194401244168,0.5907046476761619,0.6184012066365008,0.6541471048513302
1.0,0.1,3,5,300,0.4,0.6043613707165109,0.6601941747572816,0.6021180030257186,0.596875,0.6426332288401254
1.0,0.1,3,5,300,0.6,0.6075949367088608,0.6624605678233438,0.6100151745068285,0.5927051671732523,0.6520376175548589
1.0,0.1,3,5,300,0.8,0.593996840442338,0.6614664586583463,0.5927051671732523,0.6021505376344086,0.6424050632911392
1.0,0.1,3,5,400,0.4,0.5993589743589743,0.6612111292962357,0.6073619631901841,0.600924499229584,0.6540284360189573
1.0,0.1,3,5,400,0.6,0.6085578446909667,0.6539074960127592,0.6040061633281972,0.5941807044410413,0.6436420722135008
1.0,0.1,3,5,400,0.8,0.5952,0.6530612244897959,0.6021180030257186,0.5987654320987654,0.6485623003194888
1.0,0.1,5,1,100,0.4,0.6055646481178396,0.6535303776683087,0.6172839506172839,0.6040688575899843,0.6461038961038961
1.0,0.1,5,1,100,0.6,0.6013071895424836,0.6645161290322581,0.6056782334384858,0.6040688575899843,0.6472491909385113
1.0,0.1,5,1,100,0.8,0.5973597359735974,0.6634460547504025,0.6125,0.6141975308641975,0.6525285481239804
1.0,0.1,5,1,200,0.4,0.5952380952380952,0.6483704974271012,0.6061588330632091,0.5963756177924218,0.6531302876480541
1.0,0.1,5,1,200,0.6,0.5862068965517241,0.6589403973509934,0.6193548387096774,0.5897858319604613,0.6382978723404256
1.0,0.1,5,1,200,0.8,0.596252129471891,0.6599664991624791,0.593900481540931,0.5963756177924218,0.6352941176470588
1.0,0.1,5,1,300,0.4,0.5758620689655173,0.624561403508772,0.6086956521739131,0.5966101694915255,0.6239168110918544
1.0,0.1,5,1,300,0.6,0.5923344947735192,0.6426116838487973,0.6055646481178396,0.5805369127516778,0.6146010186757216
1.0,0.1,5,1,300,0.8,0.5754884547069272,0.6506024096385542,0.5917355371900826,0.5933333333333334,0.6185567010309279
1.0,0.1,5,1,400,0.4,0.5704099821746881,0.6205673758865248,0.6006825938566553,0.5798611111111112,0.6153846153846154
1.0,0.1,5,1,400,0.6,0.5811051693404634,0.6175438596491228,0.6076794657762938,0.5831903945111492,0.5975820379965457
1.0,0.1,5,1,400,0.8,0.5709090909090909,0.6302816901408451,0.6094276094276094,0.5836177474402731,0.6159292035398231
1.0,0.1,5,3,100,0.4,0.6163934426229508,0.656957928802589,0.6198473282442748,0.6175548589341693,0.6666666666666666
1.0,0.1,5,3,100,0.6,0.6191247974068071,0.6645056726094003,0.6092307692307692,0.6065318818040435,0.639871382636656
1.0,0.1,5,3,100,0.8,0.6119162640901772,0.6656050955414012,0.6130030959752322,0.6213292117465224,0.6546052631578947
1.0,0.1,5,3,200,0.4,0.5898305084745763,0.6609294320137694,0.617363344051447,0.5971107544141252,0.6478405315614618
1.0,0.1,5,3,200,0.6,0.6066666666666667,0.6589403973509934,0.6114649681528662,0.6012861736334405,0.6341463414634146
1.0,0.1,5,3,200,0.8,0.5996649916247906,0.6655683690280065,0.610223642172524,0.6029173419773096,0.6410684474123539
1.0,0.1,5,3,300,0.4,0.5951557093425606,0.6493055555555556,0.6068515497553018,0.5909849749582637,0.6331658291457286
1.0,0.1,5,3,300,0.6,0.5918367346938775,0.6509274873524452,0.5990180032733224,0.6056572379367721,0.6310517529215359
1.0,0.1,5,3,300,0.8,0.5843478260869566,0.6495726495726496,0.6026058631921825,0.5913621262458472,0.6201022146507666
1.0,0.1,5,3,400,0.4,0.5871886120996441,0.6421052631578947,0.6052631578947368,0.5912162162162162,0.62778730703259
1.0,0.1,5,3,400,0.6,0.5851979345955249,0.6346483704974271,0.6033333333333334,0.5950413223140496,0.6305084745762712
1.0,0.1,5,3,400,0.8,0.5799648506151143,0.6422338568935427,0.603648424543947,0.5898305084745763,0.6156521739130435
1.0,0.1,5,5,100,0.4,0.5990491283676703,0.656957928802589,0.6115444617784711,0.5990491283676703,0.6469622331691297
1.0,0.1,5,5,100,0.6,0.6176,0.6688102893890675,0.620583717357911,0.609105180533752,0.6304
1.0,0.1,5,5,100,0.8,0.6153846153846154,0.6612641815235009,0.601526717557252,0.6224961479198767,0.6557911908646004
1.0,0.1,5,5,200,0.4,0.6065573770491803,0.6621848739495798,0.5993589743589743,0.5889967637540453,0.6348684210526315
1.0,0.1,5,5,200,0.6,0.5970149253731343,0.6380165289256199,0.6261980830670927,0.6067415730337079,0.6229508196721312
1.0,0.1,5,5,200,0.8,0.5880398671096345,0.6622516556291391,0.6025236593059937,0.6048,0.631404958677686
1.0,0.1,5,5,300,0.4,0.6003372681281619,0.6530612244897959,0.6026058631921825,0.5983471074380166,0.6245847176079734
1.0,0.1,5,5,300,0.6,0.587248322147651,0.6362098138747885,0.6064516129032258,0.6118421052631579,0.6266666666666667
1.0,0.1,5,5,300,0.8,0.5969125214408233,0.6486486486486487,0.6012861736334405,0.5911330049261084,0.6317567567567568
1.0,0.1,5,5,400,0.4,0.5814360770577933,0.6402753872633391,0.5977011494252874,0.6010016694490818,0.6247877758913413
1.0,0.1,5,5,400,0.6,0.5908319185059423,0.643598615916955,0.6068515497553018,0.5927152317880795,0.621160409556314
1.0,0.1,5,5,400,0.8,0.5975395430579965,0.6428571428571429,0.6141215106732348,0.5767284991568297,0.6243567753001715
1.0,0.1,7,1,100,0.4,0.5954465849387041,0.6387434554973822,0.6171617161716172,0.5840407470288624,0.6258503401360545
1.0,0.1,7,1,100,0.6,0.5923344947735192,0.6323024054982818,0.6133768352365416,0.5983193277310924,0.6418918918918919
1.0,0.1,7,1,100,0.8,0.5876288659793815,0.6498316498316499,0.6217105263157895,0.61,0.6323024054982818
1.0,0.1,7,1,200,0.4,0.5719489981785064,0.6145454545454545,0.5952380952380952,0.5481481481481482,0.6203208556149733
1.0,0.1,7,1,200,0.6,0.5682656826568265,0.6187050359712231,0.6209262435677531,0.5674255691768827,0.6164874551971327
1.0,0.1,7,1,200,0.8,0.5640074211502782,0.6153846153846154,0.610051993067591,0.5845070422535211,0.6145454545454545
1.0,0.1,7,1,300,0.4,0.5676691729323309,0.5871559633027523,0.6080843585237259,0.5467889908256881,0.5927272727272728
1.0,0.1,7,1,300,0.6,0.5628517823639775,0.6156648451730419,0.6035714285714285,0.5641952983725136,0.5970695970695971
1.0,0.1,7,1,300,0.8,0.5485074626865671,0.6056074766355141,0.5975395430579965,0.5786618444846293,0.5939849624060151
1.0,0.1,7,1,400,0.4,0.5676190476190476,0.5951035781544256,0.6120996441281139,0.5613382899628253,0.6
1.0,0.1,7,1,400,0.6,0.5437262357414449,0.5977443609022557,0.6021897810218978,0.5588235294117647,0.6018348623853211
1.0,0.1,7,1,400,0.8,0.5461538461538461,0.5954198473282443,0.5895117540687161,0.5740402193784278,0.587360594795539
1.0,0.1,7,3,100,0.4,0.6179966044142614,0.6588235294117647,0.6136363636363636,0.589018302828619,0.6306913996627319
1.0,0.1,7,3,100,0.6,0.6044905008635578,0.6531302876480541,0.6067415730337079,0.6078431372549019,0.6218487394957983
1.0,0.1,7,3,100,0.8,0.5912162162162162,0.6521739130434783,0.6098360655737705,0.5951219512195122,0.6323024054982818
1.0,0.1,7,3,200,0.4,0.5925925925925926,0.6370106761565836,0.6033333333333334,0.5694444444444444,0.6039076376554174
1.0,0.1,7,3,200,0.6,0.5786618444846293,0.6285714285714286,0.6030150753768844,0.593103448275862,0.6113989637305699
1.0,0.1,7,3,200,0.8,0.5802919708029197,0.6421052631578947,0.6030664395229983,0.5778546712802768,0.6014234875444839
1.0,0.1,7,3,300,0.4,0.5611510791366906,0.6234234234234234,0.5945945945945946,0.5843478260869566,0.6189624329159212
1.0,0.1,7,3,300,0.6,0.5854545454545454,0.6072727272727273,0.5896551724137931,0.5805309734513274,0.5734513274336284
1.0,0.1,7,3,300,0.8,0.5719557195571956,0.6353790613718412,0.6052173913043478,0.5754884547069272,0.5912408759124088
1.0,0.1,7,3,400,0.4,0.5724770642201835,0.6204379562043796,0.5884353741496599,0.5630397236614854,0.6134301270417423
1.0,0.1,7,3,400,0.6,0.5714285714285714,0.608058608058608,0.5902777777777778,0.5641952983725136,0.5766423357664233
1.0,0.1,7,3,400,0.8,0.555765595463138,0.6159554730983302,0.6074600355239786,0.5693950177935944,0.5985401459854015
1.0,0.1,7,5,100,0.4,0.6006600660066007,0.6589018302828619,0.6141479099678456,0.5990338164251208,0.6357615894039735
1.0,0.1,7,5,100,0.6,0.6085470085470085,0.6411960132890365,0.6117274167987322,0.5936507936507937,0.6457990115321252
1.0,0.1,7,5,100,0.8,0.6156462585034014,0.6633499170812603,0.6074313408723748,0.6065573770491803,0.6362098138747885
1.0,0.1,7,5,200,0.4,0.5787671232876712,0.6368330464716007,0.6029654036243822,0.5775577557755776,0.6180555555555556
1.0,0.1,7,5,200,0.6,0.5905096660808435,0.6172413793103448,0.6206896551724138,0.5816326530612245,0.6213921901528013
1.0,0.1,7,5,200,0.8,0.5918003565062389,0.6401384083044983,0.6059602649006622,0.5902192242833052,0.6167247386759582
1.0,0.1,7,5,300,0.4,0.5664939550949913,0.6258741258741258,0.5976627712854758,0.5652173913043478,0.6172839506172839
1.0,0.1,7,5,300,0.6,0.605072463768116,0.6199649737302977,0.6122448979591837,0.5872193436960277,0.6153846153846154
1.0,0.1,7,5,300,0.8,0.5750452079566004,0.6258992805755396,0.6085470085470085,0.570446735395189,0.6068222621184919
1.0,0.1,7,5,400,0.4,0.5759162303664922,0.6156583629893239,0.5820642978003384,0.5743243243243243,0.617059891107078
1.0,0.1,7,5,400,0.6,0.5830258302583026,0.607773851590106,0.6065857885615251,0.5818815331010453,0.6148409893992933
1.0,0.1,7,5,400,0.8,0.5709090909090909,0.6302367941712204,0.6135181975736569,0.5640138408304498,0.5833333333333334
